alternative,base_alternative,source_alternative_id,label,frequency
0,0,491,491,898
1,1,1341,1341,646
2,2,2740,2740,565
3,3,2585,2585,503
4,4,633,633,489
5,5,1114,1114,482
6,6,4370,4370,474
7,7,2635,2635,450
8,8,2792,2792,415
9,9,2742,2742,403
10,10,6919,6919,397
11,11,2767,2767,390
12,12,4340,4340,379
13,13,2782,2782,345
14,14,2708,2708,326
15,15,577,577,311
16,16,5226,5226,299
17,17,4371,4371,296
18,18,1070,1070,270
19,19,2791,2791,263
20,20,2702,2702,250
21,21,2803,2803,250
22,22,2057,2057,249
23,23,1056,1056,240
24,24,2668,2668,240
25,25,12523,12523,235
26,26,10852,10852,214
27,27,26213,26213,205
28,28,5257,5257,203
29,29,24701,24701,199
30,30,3574,3574,190
31,31,9371,9371,188
32,32,645,645,186
33,33,2755,2755,186
34,34,3588,3588,186
35,35,4353,4353,182
36,36,1446,1446,181
37,37,5316,5316,180
38,38,28758,28758,177
39,39,12492,12492,166
40,40,10720,10720,164
41,41,8378,8378,163
42,42,40180,40180,163
43,43,10473,10473,161
44,44,42353,42353,160
45,45,1066,1066,155
46,46,1447,1447,153
47,47,1953,1953,151
48,48,622,622,150
49,49,4342,4342,147
