source,target
0,172
1,12
1,22
1,42
1,70
1,84
1,87
1,90
1,99
1,111
1,131
1,138
1,141
1,149
1,155
1,161
1,165
1,197
1,205
1,212
2,51
2,182
3,138
4,161
5,22
5,39
5,48
5,53
5,66
5,113
5,119
5,125
5,129
5,152
5,163
5,183
6,84
6,99
6,106
6,138
6,170
7,12
7,42
7,62
7,84
7,99
8,22
8,110
9,80
9,206
10,84
10,195
11,84
11,99
12,1
12,7
12,42
12,166
13,70
14,138
15,198
16,54
16,56
16,69
16,132
16,187
17,36
17,43
17,123
17,189
18,147
18,205
19,54
19,69
19,80
19,85
19,94
19,114
19,187
19,206
20,22
21,99
22,1
22,5
22,8
22,20
22,44
22,46
22,59
22,60
22,70
22,75
22,79
22,84
22,89
22,95
22,99
22,111
22,119
22,133
22,138
22,141
22,145
22,155
22,160
22,191
22,197
22,200
22,205
22,209
22,212
22,218
22,220
23,43
24,164
25,50
25,57
25,174
26,170
26,175
27,37
27,48
27,92
27,119
27,136
28,78
28,84
28,161
28,205
29,84
30,78
30,87
30,106
30,118
30,134
30,170
31,165
31,212
32,128
33,22
33,194
33,220
34,84
35,70
35,208
36,43
36,83
36,156
36,159
36,169
37,27
37,136
38,84
38,122
39,0
39,5
39,22
39,48
39,53
39,72
39,99
39,111
39,113
39,119
39,129
39,172
39,183
39,198
40,187
41,84
42,1
42,7
42,12
42,22
42,62
42,70
42,84
42,138
42,161
42,165
42,198
42,205
43,17
43,23
43,36
43,45
43,108
43,116
43,121
43,126
43,136
43,216
44,22
44,101
44,133
44,184
45,43
45,172
46,22
46,39
46,60
46,66
46,119
46,142
46,196
47,1
47,22
47,70
47,84
47,90
47,99
47,111
47,131
48,5
48,22
48,53
48,113
48,129
48,163
49,84
49,128
50,22
50,25
50,116
51,2
51,182
51,186
52,84
53,5
53,48
53,113
53,129
53,143
53,167
54,16
54,19
54,56
54,69
54,85
54,114
54,132
54,187
54,217
54,221
55,99
56,54
56,69
56,85
57,22
57,99
57,198
58,216
59,22
59,78
59,84
59,96
59,107
59,148
60,22
60,46
60,111
60,116
60,119
60,136
60,141
61,70
61,75
62,7
62,92
63,39
63,48
63,69
63,92
63,119
64,183
65,67
66,5
66,111
66,113
66,129
66,163
66,183
67,65
67,173
67,213
68,99
69,16
69,54
69,56
69,63
69,80
69,83
69,85
69,94
69,114
69,117
69,144
69,187
69,203
69,206
69,221
70,1
70,13
70,22
70,35
70,61
70,75
70,84
70,87
70,99
70,111
70,112
70,134
70,205
70,207
71,83
72,39
72,46
72,90
72,99
72,119
72,120
72,160
72,176
72,209
72,218
73,151
74,84
75,61
75,70
75,87
75,134
75,207
76,108
77,116
78,28
78,30
78,59
78,84
78,87
78,118
78,135
78,170
79,57
80,19
80,69
80,85
80,94
80,144
80,206
81,170
82,113
83,36
83,69
83,71
83,136
83,151
84,1
84,6
84,7
84,10
84,11
84,22
84,28
84,29
84,34
84,38
84,41
84,42
84,47
84,49
84,52
84,59
84,70
84,74
84,78
84,87
84,91
84,96
84,97
84,98
84,99
84,107
84,131
84,135
84,138
84,140
84,146
84,148
84,153
84,154
84,158
84,161
84,162
84,164
84,170
84,179
84,181
84,185
84,188
84,192
84,203
84,204
84,205
84,210
84,215
84,222
85,19
85,56
85,69
85,80
85,144
85,206
86,105
86,137
86,205
87,1
87,22
87,28
87,30
87,70
87,75
87,78
87,84
87,99
87,106
87,111
87,118
87,134
87,135
87,138
87,161
87,170
87,176
87,205
88,131
89,22
89,191
90,1
90,22
90,47
90,50
90,72
90,209
91,84
92,48
92,62
92,136
93,154
94,19
94,69
94,80
94,144
94,206
95,22
96,59
96,84
96,97
96,107
97,84
97,96
98,84
98,102
98,124
98,157
98,162
98,178
98,180
99,0
99,7
99,11
99,21
99,22
99,55
99,67
99,68
99,70
99,72
99,84
99,97
99,104
99,106
99,111
99,142
99,161
99,165
99,172
99,205
100,67
100,99
100,165
100,198
101,44
102,98
102,162
102,178
102,180
103,87
103,122
104,87
104,99
104,108
105,86
106,6
106,30
106,87
107,96
108,43
108,76
108,119
108,136
109,111
110,8
111,1
111,22
111,39
111,46
111,60
111,66
111,70
111,84
111,99
111,109
111,141
111,161
111,165
111,196
111,197
111,205
111,220
112,26
112,61
112,70
112,75
112,96
112,109
112,207
113,5
113,39
113,48
113,53
113,66
113,82
113,129
113,163
113,183
114,69
114,144
114,221
115,176
116,43
116,60
116,77
116,136
117,54
117,69
118,170
119,0
119,5
119,22
119,46
119,48
119,53
119,60
119,84
119,116
119,129
119,136
119,142
119,172
119,196
120,160
121,43
122,38
122,103
122,123
122,177
123,17
123,22
123,36
123,122
123,146
123,150
124,98
125,5
125,26
125,87
125,98
125,147
125,157
126,43
126,60
127,48
127,50
127,116
127,119
127,136
128,32
128,162
128,202
129,5
129,39
129,53
129,66
129,113
129,119
130,126
130,146
131,1
131,22
131,47
131,70
131,84
131,88
131,138
131,161
131,165
131,205
132,16
132,54
132,69
132,114
132,187
132,221
133,22
133,184
134,28
134,30
134,70
134,75
134,87
134,138
135,78
135,84
135,170
136,37
136,43
136,60
136,83
136,92
136,108
136,116
136,119
136,127
136,142
136,146
136,166
136,222
137,205
138,1
138,3
138,6
138,14
138,22
138,42
138,84
138,87
138,131
138,134
138,139
138,161
138,170
138,205
139,138
140,84
141,22
141,46
141,60
141,111
142,22
142,46
142,99
142,196
143,53
143,84
143,108
143,208
144,69
144,80
144,85
144,94
144,114
144,206
145,22
146,116
146,136
147,18
147,125
148,84
149,1
150,123
151,48
151,50
151,73
151,83
151,116
151,168
152,5
152,183
153,84
154,47
154,84
154,93
154,99
155,1
155,22
156,36
157,98
157,102
157,162
157,178
158,84
159,36
160,22
160,72
160,218
161,1
161,4
161,6
161,22
161,28
161,42
161,46
161,84
161,87
161,99
161,111
161,131
161,138
161,165
161,205
161,219
162,84
162,98
162,102
162,113
162,124
162,126
162,157
162,178
162,180
163,5
163,48
163,66
163,113
163,183
164,24
164,84
164,193
165,1
165,31
165,42
165,99
165,161
165,214
166,46
166,119
166,136
167,22
167,53
167,183
167,196
168,67
168,76
168,151
168,199
169,36
170,6
170,26
170,28
170,30
170,78
170,81
170,84
170,87
170,99
170,118
170,135
170,138
170,175
170,205
171,191
172,0
172,136
173,67
173,84
173,130
173,140
174,25
175,26
175,30
175,170
176,72
176,87
176,99
176,115
176,199
176,209
177,122
178,162
178,180
179,84
180,98
180,178
181,1
181,84
182,51
182,196
183,5
183,39
183,48
183,64
183,66
183,67
183,113
183,120
183,152
183,163
183,167
184,133
185,84
185,130
186,51
187,16
187,19
187,40
187,54
187,56
187,69
187,85
187,132
187,217
187,221
188,51
188,84
188,99
189,17
189,78
190,198
191,22
191,89
191,171
192,84
193,164
194,33
194,201
194,220
195,10
196,46
196,111
196,142
197,22
198,15
198,57
198,100
198,190
199,205
200,22
200,95
201,194
201,220
202,128
203,69
203,84
204,84
204,192
205,1
205,22
205,28
205,42
205,70
205,84
205,86
205,87
205,99
205,111
205,137
205,138
205,161
205,170
205,199
205,211
206,9
206,19
206,69
206,80
206,85
206,94
206,144
207,70
207,75
208,216
209,72
209,90
209,176
210,84
211,205
212,1
212,22
212,31
213,67
214,165
215,84
216,43
216,58
216,136
216,208
217,56
217,187
217,221
218,22
218,160
219,161
220,20
220,22
220,33
220,111
220,194
221,54
221,56
221,69
221,114
221,187
221,217
222,84
222,136
222,170
