node_id,base_node_id,source_node_id,in_degree,out_degree
0,0,1,37,21
1,3,4,44,33
2,4,5,18,13
3,6,7,17,1
4,8,9,16,25
5,14,15,55,65
6,15,16,52,55
7,17,18,31,23
8,20,21,37,23
9,21,22,36,4
10,26,27,11,3
11,31,32,38,29
12,33,34,7,11
13,35,36,20,21
14,36,37,45,33
15,41,42,30,15
16,46,47,51,93
17,50,51,32,23
18,58,59,13,11
19,60,61,56,42
20,65,66,37,55
21,68,69,49,54
22,79,80,1,1
23,90,91,24,5
24,95,96,37,6
25,97,98,23,43
26,99,100,33,16
27,100,101,31,25
28,101,102,38,61
29,103,104,42,50
30,104,105,34,22
31,105,106,65,172
32,109,110,4,2
33,111,112,40,74
34,115,116,26,5
35,116,117,37,43
36,126,127,37,6
37,127,128,50,226
38,135,136,62,139
39,140,141,40,60
40,141,142,42,32
41,142,143,5,1
42,143,144,43,45
43,146,147,11,3
44,149,151,27,43
45,151,153,40,25
46,153,155,21,12
47,154,157,55,29
48,156,159,51,25
49,160,163,22,7
50,164,167,38,162
51,165,168,45,144
52,167,170,46,8
53,171,174,39,20
54,174,177,17,7
55,180,183,45,52
56,182,185,12,1
57,185,188,4,3
58,191,194,35,129
59,192,195,37,62
60,193,196,22,12
61,195,198,11,11
62,197,200,29,38
63,201,204,12,19
64,217,220,39,40
65,230,233,37,36
66,232,235,31,43
67,234,237,47,87
68,235,238,44,35
69,236,239,29,25
70,237,240,31,41
71,240,243,41,44
72,243,246,19,39
73,246,249,61,204
74,249,252,25,19
75,253,256,43,44
76,254,257,44,143
77,255,259,35,33
78,256,260,32,34
79,257,261,19,16
80,264,268,21,10
81,267,272,41,92
82,268,273,39,402
83,270,275,51,51
84,272,277,34,25
85,274,279,34,51
86,276,281,46,74
87,277,282,19,15
88,278,283,22,11
89,279,284,8,8
90,286,291,14,16
91,290,295,25,7
92,291,296,14,14
93,318,323,9,2
94,322,327,24,20
95,324,329,22,14
96,326,331,63,265
97,332,337,62,140
98,338,343,38,97
99,341,346,8,2
100,342,347,54,75
101,343,348,14,4
102,348,353,36,23
103,349,354,3,1
104,352,357,58,175
105,361,366,5,1
106,368,373,37,10
107,370,375,54,37
108,372,377,37,33
109,379,384,15,7
110,381,386,61,72
111,385,390,68,122
112,386,391,59,89
113,388,393,52,125
114,391,396,49,52
115,393,398,20,32
116,395,400,8,1
117,399,404,32,14
118,400,405,13,4
119,403,408,18,48
120,404,409,28,43
121,410,415,8,9
122,411,416,42,156
123,412,417,40,14
124,415,420,49,40
125,420,425,30,1
126,422,427,41,59
127,424,429,38,11
128,429,434,24,20
129,431,436,34,16
130,432,437,31,13
131,433,438,77,114
132,434,439,28,36
133,436,441,3,3
134,437,442,55,72
135,438,443,73,73
136,439,444,28,9
137,442,447,16,11
138,443,448,11,3
139,445,450,6,6
140,448,453,37,31
141,449,454,27,10
142,450,455,34,27
143,452,457,48,24
144,457,462,22,16
145,460,465,8,6
146,461,466,66,134
147,462,467,22,16
148,466,471,41,38
149,473,478,7,7
150,485,490,38,26
151,498,503,50,23
152,503,508,44,45
153,504,509,31,32
154,506,511,52,42
155,507,512,18,9
156,509,514,28,12
157,510,515,43,29
158,515,521,55,44
159,516,522,71,32
160,520,526,52,59
161,522,528,40,20
162,524,530,43,54
163,526,532,17,4
164,532,538,56,27
165,533,539,16,8
166,537,543,30,26
167,539,545,25,20
168,540,546,9,11
169,542,548,33,54
170,548,554,20,15
171,550,556,15,25
172,555,564,13,5
173,557,566,24,27
174,563,572,19,11
175,565,574,33,29
176,566,575,37,374
177,570,579,50,62
178,572,581,19,52
179,576,585,25,12
180,578,587,35,24
181,587,596,11,2
182,591,600,8,14
183,592,601,59,61
184,596,605,5,1
185,597,606,11,10
186,611,620,24,15
187,623,632,18,1
188,625,634,41,24
189,626,635,6,11
190,628,637,39,42
191,633,642,42,11
192,636,645,50,36
193,638,647,71,135
194,639,648,12,6
195,640,649,15,5
196,641,650,22,29
197,642,651,10,44
198,643,652,10,6
199,644,653,23,10
200,645,654,16,19
201,646,655,39,13
202,647,656,6,4
203,648,657,12,13
204,653,662,39,36
205,660,669,47,51
206,662,671,29,15
207,664,673,24,22
208,665,674,7,3
209,667,676,2,1
210,670,679,19,8
211,671,680,28,8
212,672,681,40,15
213,683,693,61,35
214,684,694,37,25
215,685,695,49,35
216,688,698,41,14
217,689,699,47,30
218,690,700,10,7
219,696,706,4,3
220,709,719,22,13
221,711,721,51,113
222,713,723,35,15
223,716,726,38,50
224,717,727,48,121
225,721,731,18,19
226,725,735,8,4
227,729,739,61,146
228,730,740,73,365
229,732,742,74,145
230,736,746,8,7
231,737,747,4,2
232,744,754,11,3
233,745,755,29,87
234,749,759,34,27
235,754,764,12,9
236,755,765,66,101
237,756,766,41,363
238,757,767,16,4
239,761,771,5,2
240,762,772,13,13
241,765,776,66,99
242,775,787,46,39
243,777,789,17,14
244,780,792,59,31
245,781,793,60,49
246,782,794,22,14
247,785,797,38,12
248,789,801,22,15
249,791,803,41,35
250,792,804,15,19
251,795,807,17,5
252,796,808,17,9
253,797,809,25,22
254,798,810,44,32
255,801,813,30,8
256,802,814,6,1
257,806,818,71,110
258,824,839,26,38
259,831,846,65,96
260,833,848,24,13
261,836,851,83,105
262,837,852,10,2
263,838,853,24,41
264,839,854,59,34
265,843,858,38,121
266,845,860,59,190
267,852,867,6,6
268,861,876,13,4
269,863,878,28,40
270,866,881,8,5
271,874,889,28,23
272,875,890,32,17
273,882,897,48,29
274,884,899,38,51
275,886,901,3,3
276,893,908,16,10
277,898,913,31,63
278,906,922,83,45
279,911,927,20,9
280,916,934,20,16
281,918,936,33,22
282,923,943,39,12
283,924,944,12,3
284,927,947,18,9
285,932,953,51,58
286,941,964,17,6
287,944,967,16,27
288,945,968,59,40
289,946,969,17,13
290,949,972,43,14
291,951,974,8,3
292,954,977,47,93
293,964,987,56,42
294,965,988,29,425
295,967,990,52,17
296,968,991,9,4
297,969,992,20,6
298,971,994,51,45
299,972,995,17,13
300,973,996,49,22
301,976,999,32,38
302,978,1001,4,4
303,979,1002,27,16
304,980,1003,81,226
305,981,1004,55,35
306,990,1013,49,82
307,991,1014,17,7
308,992,1015,4,7
309,993,1016,12,8
310,995,1018,49,28
311,996,1019,33,9
312,999,1022,38,56
313,1002,1025,9,6
314,1005,1028,42,38
315,1007,1030,72,168
316,1010,1033,31,34
317,1012,1035,36,36
318,1014,1037,15,14
319,1015,1038,23,11
320,1019,1042,71,77
321,1020,1043,15,4
322,1023,1046,41,23
323,1025,1048,3,1
324,1026,1049,72,50
325,1028,1051,52,48
326,1029,1052,48,23
327,1030,1053,30,12
328,1032,1055,11,8
329,1033,1056,37,135
330,1040,1063,10,6
331,1043,1067,15,15
332,1045,1069,4,2
333,1049,1073,33,25
334,1052,1076,36,3
335,1061,1085,11,16
336,1068,1092,8,16
337,1078,1103,62,18
338,1079,1104,75,82
339,1090,1115,12,19
340,1095,1120,5,5
341,1098,1123,66,186
342,1104,1129,55,30
343,1107,1132,73,203
344,1119,1144,2,3
345,1122,1147,8,8
346,1123,1148,5,12
347,1134,1159,16,11
348,1135,1160,3,1
349,1136,1161,12,4
350,1137,1162,26,26
351,1138,1163,23,12
352,1139,1164,4,3
353,1140,1165,32,31
354,1141,1166,2,2
355,1142,1167,13,9
356,1143,1168,9,4
357,1144,1169,76,197
358,1145,1170,37,24
359,1146,1171,44,31
360,1148,1173,10,1
361,1149,1174,12,19
362,1150,1175,20,19
363,1151,1176,25,17
364,1153,1178,22,16
365,1154,1179,41,30
366,1155,1180,66,54
367,1156,1181,16,8
368,1157,1182,36,26
369,1158,1183,47,47
370,1166,1191,33,29
371,1169,1194,15,5
372,1173,1198,24,22
373,1174,1199,42,25
374,1176,1201,17,37
375,1177,1203,6,2
376,1185,1212,13,7
377,1195,1223,11,4
378,1198,1226,68,60
379,1200,1228,6,52
380,1202,1230,46,59
381,1203,1231,9,4
382,1204,1232,2,1
383,1205,1233,31,31
384,1208,1236,69,124
385,1213,1241,30,29
386,1219,1248,6,3
387,1226,1255,27,25
388,1232,1261,27,45
389,1240,1269,29,13
390,1243,1272,7,5
391,1244,1273,31,27
392,1245,1274,38,27
393,1246,1275,12,7
394,1247,1276,59,44
395,1248,1277,33,28
396,1249,1279,28,26
397,1251,1281,64,82
398,1252,1282,52,45
399,1253,1283,18,16
400,1254,1284,47,58
401,1255,1285,26,19
402,1256,1286,11,10
403,1257,1287,38,30
404,1258,1288,65,100
405,1259,1289,68,47
406,1260,1290,38,9
407,1261,1291,39,6
408,1263,1293,50,22
409,1267,1297,54,23
410,1268,1298,10,6
411,1271,1302,46,33
412,1273,1304,54,72
413,1275,1306,23,19
414,1277,1308,17,4
415,1281,1312,20,15
416,1282,1313,28,18
417,1283,1314,65,84
418,1284,1315,16,6
419,1285,1316,27,7
420,1286,1317,52,60
421,1288,1320,12,3
422,1293,1325,38,31
423,1295,1327,31,18
424,1296,1328,44,19
425,1298,1330,72,68
426,1299,1331,3,1
427,1300,1332,74,61
428,1302,1335,64,431
429,1303,1336,32,43
430,1304,1337,72,44
431,1305,1338,27,15
432,1306,1339,14,8
433,1307,1340,42,34
434,1308,1341,24,17
435,1309,1342,14,9
436,1310,1343,58,22
437,1311,1344,6,2
438,1312,1345,68,40
439,1313,1346,23,23
440,1314,1347,80,56
441,1315,1348,54,23
442,1316,1349,16,9
443,1317,1350,63,43
444,1318,1351,40,35
445,1320,1353,21,6
446,1321,1354,5,3
447,1322,1355,25,10
448,1325,1358,46,12
449,1326,1359,6,4
450,1327,1360,12,17
451,1328,1361,18,13
452,1330,1363,5,3
453,1331,1364,72,62
454,1334,1367,8,4
455,1335,1368,4,3
456,1336,1369,28,18
457,1337,1370,58,50
458,1340,1373,38,27
459,1341,1374,58,166
460,1342,1375,67,65
461,1346,1379,65,64
462,1349,1382,27,14
463,1350,1383,48,33
464,1353,1386,66,296
465,1354,1387,14,3
466,1358,1391,19,18
467,1359,1392,20,5
468,1365,1398,54,53
469,1367,1400,20,12
470,1370,1403,24,14
471,1375,1408,32,68
472,1379,1413,16,23
473,1380,1414,31,23
474,1381,1415,4,1
475,1389,1425,52,25
476,1392,1428,8,7
477,1394,1430,10,10
478,1395,1431,16,11
479,1398,1434,25,74
480,1402,1438,4,3
481,1403,1439,65,129
482,1409,1445,76,130
483,1410,1446,29,24
484,1411,1447,4,1
485,1412,1448,53,49
486,1413,1449,4,1
487,1415,1451,21,10
488,1416,1452,10,6
489,1417,1453,44,13
490,1418,1454,20,4
491,1419,1455,19,13
492,1420,1456,53,21
493,1421,1457,23,15
494,1422,1458,38,94
495,1424,1460,55,55
496,1426,1462,76,100
497,1427,1463,10,5
498,1430,1466,45,90
499,1431,1467,9,18
500,1432,1468,34,11
501,1434,1470,45,56
502,1436,1472,47,45
503,1438,1474,17,6
504,1439,1475,28,9
505,1440,1476,54,40
506,1441,1477,14,8
507,1442,1478,41,5
508,1443,1479,49,51
509,1445,1481,52,24
510,1446,1482,53,22
511,1447,1483,50,28
512,1449,1485,43,7
513,1453,1489,69,70
514,1456,1492,41,16
515,1457,1493,11,4
516,1458,1494,63,61
517,1459,1495,42,14
518,1460,1496,10,14
519,1461,1497,71,123
520,1463,1499,35,25
521,1464,1500,31,40
522,1465,1501,10,3
523,1466,1502,43,18
524,1467,1503,22,14
525,1468,1504,10,5
526,1470,1506,14,3
527,1471,1507,40,40
528,1472,1509,12,16
529,1473,1511,14,4
530,1474,1512,11,8
531,1475,1513,23,9
532,1476,1514,12,9
533,1477,1515,16,11
534,1478,1516,84,125
535,1479,1517,42,24
536,1480,1518,14,17
537,1481,1519,67,64
538,1482,1520,55,65
539,1484,1522,62,128
540,1506,1551,12,1
541,1513,1559,4,2
542,1514,1560,9,1
543,1518,1564,19,13
544,1522,1568,16,21
545,1534,1580,18,7
546,1537,1583,22,7
547,1539,1585,41,37
548,1541,1587,4,7
549,1550,1597,2,3
550,1553,1600,43,62
551,1555,1602,4,4
552,1562,1610,5,2
553,1566,1614,33,22
554,1567,1615,1,3
555,1569,1617,8,2
556,1571,1619,70,55
557,1574,1622,16,8
558,1580,1628,44,43
559,1584,1632,2,1
560,1589,1637,81,135
561,1593,1641,3,1
562,1596,1644,71,48
563,1599,1647,27,18
564,1601,1649,16,17
565,1604,1653,6,3
566,1607,1656,5,3
567,1608,1657,17,7
568,1609,1658,12,13
569,1612,1661,50,34
570,1613,1662,19,16
571,1614,1663,76,133
572,1615,1664,27,24
573,1617,1666,40,29
574,1618,1667,18,5
575,1619,1668,11,7
576,1620,1669,21,11
577,1621,1670,2,1
578,1622,1671,12,9
579,1625,1674,6,4
580,1626,1675,21,20
581,1627,1676,22,11
582,1628,1677,17,23
583,1630,1679,28,23
584,1631,1680,31,26
585,1632,1681,67,68
586,1633,1682,21,15
587,1635,1684,18,2
588,1637,1686,50,93
589,1638,1687,29,24
590,1640,1689,41,32
591,1641,1690,16,10
592,1642,1691,13,4
593,1644,1693,44,28
594,1645,1694,14,20
595,1647,1696,32,15
596,1652,1701,10,6
597,1654,1703,44,32
598,1655,1704,9,4
599,1656,1705,55,41
600,1657,1706,7,4
601,1659,1708,2,2
602,1660,1709,15,16
603,1662,1711,51,36
604,1664,1713,72,51
605,1665,1714,23,66
606,1666,1715,47,67
607,1668,1717,13,8
608,1669,1718,29,28
609,1670,1719,25,23
610,1672,1721,17,7
611,1674,1723,11,28
612,1675,1724,11,2
613,1676,1726,54,188
614,1677,1727,28,11
615,1679,1729,7,12
616,1682,1732,38,39
617,1683,1733,22,14
618,1684,1734,4,11
619,1686,1736,24,16
620,1687,1737,17,12
621,1688,1738,13,8
622,1689,1739,31,134
623,1690,1740,34,39
624,1691,1741,15,11
625,1692,1742,35,14
626,1693,1743,14,9
627,1694,1744,31,43
628,1695,1745,10,8
629,1696,1746,63,14
630,1697,1747,36,29
631,1698,1748,38,28
632,1700,1750,14,7
633,1701,1751,9,3
634,1702,1753,5,2
635,1703,1754,5,2
636,1704,1755,23,16
637,1705,1756,36,169
638,1706,1757,35,18
639,1707,1758,50,42
640,1708,1759,44,68
641,1711,1762,16,8
642,1712,1763,45,39
643,1713,1764,15,3
644,1715,1766,11,28
645,1717,1768,47,26
646,1718,1769,18,3
647,1730,1783,24,13
648,1735,1788,3,2
649,1738,1791,41,46
650,1743,1796,36,15
651,1747,1801,6,4
652,1751,1805,29,20
653,1753,1807,12,18
654,1757,1812,38,44
655,1758,1813,7,1
656,1759,1814,52,43
657,1765,1820,6,3
658,1767,1822,26,11
659,1768,1823,22,14
660,1770,1825,17,22
661,1772,1827,24,12
662,1774,1829,9,4
663,1775,1830,54,68
664,1776,1831,64,58
665,1778,1833,20,12
666,1779,1834,8,14
667,1780,1835,9,8
668,1781,1836,16,9
669,1782,1837,40,32
670,1783,1838,19,16
671,1793,1848,12,21
672,1796,1851,9,2
673,1811,1867,20,18
674,1820,1877,7,2
675,1821,1878,18,16
676,1827,1884,28,9
677,1829,1886,5,3
678,1835,1892,20,17
679,1837,1894,13,11
680,1838,1895,59,47
681,1839,1896,14,8
682,1840,1897,24,47
683,1842,1899,9,1
684,1843,1900,29,13
685,1844,1901,26,32
686,1846,1903,3,3
687,1850,1907,6,7
688,1851,1908,3,2
689,1854,1911,44,49
690,1855,1912,5,14
691,1856,1913,8,8
692,1858,1915,3,1
693,1863,1922,7,4
694,1866,1927,9,7
695,1867,1928,9,16
696,1868,1929,4,5
697,1869,1930,17,8
698,1870,1931,21,7
699,1871,1932,9,9
700,1873,1934,20,16
701,1874,1935,6,4
702,1875,1936,12,2
703,1876,1937,10,13
704,1880,1941,7,5
705,1882,1943,12,3
706,1883,1944,15,11
707,1884,1945,12,15
708,1885,1946,11,1
709,1894,1955,8,8
710,1895,1956,29,30
711,1896,1957,28,119
712,1898,1959,14,5
713,1899,1960,57,57
714,1900,1961,35,27
715,1902,1963,28,24
716,1914,1975,13,10
717,1918,1979,6,12
718,1922,1983,9,5
719,1923,1986,29,29
720,1925,1989,38,73
721,1930,1995,4,1
722,1931,1996,25,42
723,1932,1997,34,5
724,1933,1998,22,9
725,1935,2000,19,40
726,1936,2001,30,16
727,1937,2002,75,61
728,1938,2003,19,40
729,1939,2004,74,74
730,1941,2006,10,4
731,1943,2008,13,4
732,1944,2009,21,23
733,1945,2010,7,4
734,1946,2011,52,38
735,1947,2012,11,1
736,1948,2013,66,80
737,1949,2014,19,81
738,1950,2015,14,11
739,1951,2016,25,3
740,1953,2018,65,80
741,1954,2019,56,23
742,1955,2020,31,26
743,1958,2023,17,18
744,1959,2024,35,11
745,1960,2025,11,11
746,1961,2026,23,13
747,1963,2028,62,61
748,1964,2029,12,5
749,1965,2030,37,38
750,1966,2031,38,70
751,1967,2032,16,6
752,1968,2033,69,99
753,1970,2035,36,6
754,1971,2036,8,3
755,1972,2037,19,19
756,1973,2038,23,25
757,1974,2039,11,11
758,1975,2040,47,44
759,1976,2041,55,53
760,1977,2042,33,68
761,1978,2043,36,16
762,1979,2044,23,14
763,1981,2046,5,4
764,1982,2047,44,35
765,1984,2049,15,1
766,1985,2050,19,2
767,1987,2052,67,105
768,1988,2053,9,5
769,1989,2054,25,6
770,1990,2055,75,75
771,1991,2056,31,17
772,1992,2057,22,6
773,1993,2058,10,3
774,1994,2059,11,3
775,1995,2060,7,10
776,2001,2067,24,12
777,2004,2070,54,12
778,2006,2072,20,8
779,2009,2075,42,41
780,2010,2076,24,18
781,2012,2078,18,15
782,2013,2079,6,7
783,2015,2081,11,8
784,2016,2082,7,2
785,2017,2083,10,2
786,2019,2085,11,6
787,2021,2087,21,19
788,2022,2088,19,5
789,2023,2089,10,3
790,2024,2090,8,6
791,2027,2093,35,8
792,2031,2097,45,16
793,2032,2098,8,9
794,2033,2100,20,13
795,2034,2101,14,18
796,2036,2103,27,15
797,2038,2105,7,2
798,2040,2107,16,6
799,2041,2108,28,12
800,2044,2111,14,7
801,2045,2112,10,9
802,2046,2113,27,7
803,2047,2114,10,12
804,2048,2115,10,9
805,2049,2116,47,40
806,2050,2117,17,6
807,2051,2118,54,35
808,2065,2135,8,7
809,2074,2144,10,11
810,2077,2147,24,7
811,2078,2148,2,3
812,2079,2149,21,1
813,2082,2152,42,8
814,2084,2154,5,3
815,2089,2159,54,13
816,2091,2162,11,4
817,2109,2182,79,135
818,2112,2185,1,1
819,2123,2196,10,6
820,2124,2198,15,10
821,2127,2201,1,1
822,2128,2202,6,2
823,2131,2205,31,14
824,2133,2207,27,13
825,2134,2208,22,12
826,2136,2210,16,10
827,2138,2213,4,3
828,2140,2215,13,9
829,2149,2224,49,64
830,2153,2228,54,18
831,2154,2229,27,13
832,2156,2231,10,6
833,2157,2232,13,39
834,2158,2233,14,3
835,2159,2234,19,3
836,2160,2235,16,3
837,2161,2236,31,7
838,2162,2237,41,19
839,2163,2238,23,15
840,2164,2239,31,85
841,2165,2240,46,17
842,2167,2242,48,43
843,2171,2246,45,49
844,2174,2249,17,10
845,2175,2250,36,57
846,2176,2251,67,50
847,2190,2267,13,26
848,2191,2268,5,2
849,2193,2271,2,1
850,2202,2280,38,12
851,2204,2282,16,13
852,2205,2283,17,8
853,2207,2285,25,24
854,2208,2286,31,28
855,2210,2288,56,27
856,2211,2289,10,5
857,2212,2290,4,1
858,2218,2296,3,2
859,2236,2318,2,1
860,2240,2322,36,26
861,2241,2323,6,4
862,2242,2324,10,16
863,2244,2327,42,22
864,2245,2328,14,15
865,2247,2330,16,15
866,2248,2331,77,98
867,2249,2332,45,60
868,2250,2333,50,22
869,2251,2334,29,8
870,2254,2338,6,2
871,2255,2339,19,6
872,2257,2342,14,9
873,2258,2343,66,75
874,2259,2344,70,92
875,2260,2345,25,32
876,2261,2346,33,29
877,2262,2347,16,10
878,2263,2348,18,15
879,2265,2350,15,7
880,2269,2354,50,45
881,2270,2355,52,73
882,2271,2356,56,43
883,2274,2359,24,19
884,2275,2360,19,14
885,2277,2362,19,3
886,2278,2363,24,56
887,2279,2364,61,61
888,2280,2365,32,16
889,2281,2366,16,12
890,2282,2367,10,5
891,2283,2368,3,3
892,2284,2369,50,28
893,2285,2370,23,15
894,2287,2372,12,7
895,2289,2374,26,15
896,2290,2375,15,4
897,2291,2376,55,31
898,2292,2377,4,1
899,2293,2378,28,14
900,2294,2379,72,132
901,2295,2380,28,22
902,2296,2381,11,91
903,2299,2384,8,3
904,2300,2385,5,1
905,2301,2386,7,3
906,2302,2387,24,13
907,2309,2394,26,27
908,2310,2395,37,54
909,2316,2402,22,10
910,2318,2404,58,28
911,2319,2405,24,13
912,2320,2406,58,67
913,2321,2407,46,24
914,2322,2408,15,21
915,2323,2409,65,57
916,2327,2413,52,30
917,2328,2414,24,18
918,2341,2427,18,32
919,2344,2431,47,13
920,2347,2434,7,2
921,2349,2436,11,17
922,2354,2441,47,58
923,2356,2443,42,18
924,2357,2444,32,19
925,2358,2445,15,1
926,2362,2449,49,64
927,2363,2450,12,1
928,2367,2454,32,22
929,2369,2456,22,31
930,2372,2459,24,9
931,2375,2462,20,6
932,2395,2484,14,13
933,2399,2488,50,85
934,2400,2489,7,1
935,2401,2490,5,4
936,2402,2491,11,10
937,2406,2495,21,20
938,2410,2500,14,17
939,2411,2501,2,1
940,2412,2502,20,8
941,2413,2503,21,10
942,2414,2504,5,1
943,2415,2505,43,53
944,2416,2506,19,17
945,2419,2509,7,3
946,2420,2510,8,5
947,2421,2511,26,18
948,2422,2512,69,86
949,2423,2513,16,14
950,2425,2515,21,19
951,2426,2516,22,16
952,2427,2517,18,14
953,2428,2518,4,4
954,2446,2537,4,2
955,2450,2542,34,211
956,2452,2544,11,3
957,2454,2546,2,16
958,2456,2548,43,45
959,2457,2549,18,36
960,2459,2551,5,6
961,2461,2553,56,46
962,2463,2555,25,66
963,2464,2556,66,65
964,2465,2557,32,21
965,2466,2558,49,38
966,2467,2559,32,24
967,2469,2561,62,28
968,2470,2562,55,29
969,2471,2563,17,17
970,2472,2564,8,2
971,2474,2566,17,10
972,2475,2567,18,2
973,2476,2568,30,37
974,2477,2569,30,11
975,2478,2570,40,17
976,2479,2571,35,22
977,2480,2572,25,14
978,2481,2573,62,59
979,2482,2574,53,32
980,2483,2575,71,164
981,2484,2576,68,81
982,2485,2577,34,10
983,2486,2578,33,16
984,2487,2579,62,69
985,2488,2580,80,44
986,2489,2581,52,32
987,2490,2582,20,9
988,2491,2583,28,8
989,2494,2586,21,12
990,2499,2594,1,1
991,2503,2598,23,21
992,2504,2599,5,5
993,2514,2609,5,2
994,2516,2611,12,8
995,2519,2614,41,29
996,2525,2620,6,3
997,2527,2622,8,3
998,2528,2623,9,3
999,2531,2626,4,7
1000,2533,2629,10,5
1001,2535,2631,59,78
1002,2537,2635,12,8
1003,2538,2636,17,21
1004,2539,2637,7,10
1005,2540,2638,17,3
1006,2543,2641,6,8
1007,2544,2642,7,10
1008,2545,2643,3,1
1009,2546,2644,7,1
1010,2548,2646,6,7
1011,2550,2649,6,9
1012,2551,2650,8,2
1013,2552,2652,5,1
1014,2553,2653,24,19
1015,2555,2655,14,7
1016,2556,2656,9,2
1017,2557,2658,18,6
1018,2558,2659,22,37
1019,2560,2661,79,191
1020,2561,2662,13,5
1021,2562,2663,10,14
1022,2563,2664,6,4
1023,2565,2666,40,2
1024,2566,2667,10,8
1025,2568,2669,19,15
1026,2570,2671,15,7
1027,2571,2672,46,51
1028,2572,2673,10,5
1029,2575,2676,12,15
1030,2576,2677,31,24
1031,2577,2678,28,10
1032,2578,2679,7,5
1033,2579,2680,26,17
1034,2580,2681,28,13
1035,2581,2682,8,85
1036,2582,2683,13,120
1037,2583,2684,23,20
1038,2585,2686,66,20
1039,2586,2687,32,12
1040,2587,2688,6,1
1041,2588,2689,24,47
1042,2589,2690,15,4
1043,2590,2691,45,46
1044,2591,2692,24,11
1045,2592,2693,50,18
1046,2593,2694,23,7
1047,2594,2695,40,19
1048,2595,2696,10,10
1049,2596,2697,47,36
1050,2598,2699,34,14
1051,2599,2700,8,1
1052,2600,2701,39,24
1053,2602,2703,21,14
1054,2605,2706,20,90
1055,2606,2707,11,1
1056,2607,2708,16,9
1057,2608,2709,36,10
1058,2609,2711,15,9
1059,2610,2712,16,11
1060,2611,2713,73,60
1061,2612,2714,26,26
1062,2613,2715,49,38
1063,2614,2716,37,36
1064,2615,2717,27,14
1065,2616,2718,38,21
1066,2617,2719,21,11
1067,2618,2720,26,23
1068,2619,2721,24,34
1069,2621,2723,19,1
1070,2625,2727,25,26
1071,2626,2729,39,110
1072,2627,2730,21,15
1073,2628,2731,15,13
1074,2629,2732,12,17
1075,2630,2733,54,60
1076,2633,2736,26,27
1077,2634,2737,31,17
1078,2635,2738,26,29
1079,2639,2742,40,19
1080,2640,2743,22,29
1081,2641,2744,31,21
1082,2642,2745,55,56
1083,2643,2746,24,13
1084,2644,2747,25,12
1085,2645,2748,53,43
1086,2646,2749,38,80
1087,2647,2750,42,40
1088,2648,2751,24,16
1089,2649,2752,18,28
1090,2651,2754,17,10
1091,2653,2756,12,2
1092,2654,2757,43,17
1093,2656,2759,54,50
1094,2657,2760,34,18
1095,2659,2762,48,50
1096,2660,2763,26,49
1097,2661,2764,17,9
1098,2662,2765,14,26
1099,2663,2766,55,18
1100,2664,2767,48,50
1101,2665,2768,28,9
1102,2666,2769,33,12
1103,2667,2770,27,17
1104,2668,2771,15,18
1105,2671,2774,50,131
1106,2672,2775,31,31
1107,2673,2776,50,59
1108,2674,2777,39,5
1109,2675,2778,7,6
1110,2676,2779,50,74
1111,2677,2780,32,16
1112,2678,2781,24,12
1113,2679,2782,55,26
1114,2681,2784,7,1
1115,2683,2786,30,24
1116,2685,2788,15,22
1117,2687,2791,10,3
1118,2688,2792,57,49
1119,2689,2793,41,89
1120,2690,2794,44,27
1121,2692,2796,24,17
1122,2693,2797,62,291
1123,2696,2800,10,7
1124,2701,2805,15,3
1125,2703,2807,17,4
1126,2705,2809,26,20
1127,2707,2811,8,2
1128,2708,2812,20,3
1129,2714,2818,15,15
1130,2716,2820,7,2
1131,2718,2822,26,9
1132,2720,2824,31,22
1133,2722,2826,21,41
1134,2723,2827,39,27
1135,2724,2828,8,14
1136,2725,2829,77,100
1137,2726,2830,51,85
1138,2729,2833,32,8
1139,2730,2834,35,40
1140,2735,2839,21,3
1141,2737,2841,59,37
1142,2743,2848,56,126
1143,2748,2854,27,26
1144,2750,2856,9,3
1145,2752,2858,7,5
1146,2754,2860,21,14
1147,2756,2862,5,2
1148,2757,2863,8,85
1149,2759,2865,19,4
1150,2760,2866,23,8
1151,2761,2867,19,25
1152,2762,2868,38,16
1153,2763,2869,27,16
1154,2766,2872,17,2
1155,2769,2875,10,4
1156,2771,2877,10,33
1157,2772,2878,32,39
1158,2775,2881,27,11
1159,2777,2883,29,14
1160,2781,2887,22,18
1161,2784,2890,42,103
1162,2789,2895,17,3
1163,2790,2896,10,2
1164,2791,2897,25,18
1165,2794,2900,50,132
1166,2795,2901,27,18
1167,2796,2902,37,15
1168,2797,2903,13,6
1169,2800,2906,28,11
1170,2801,2907,21,27
1171,2803,2909,12,4
1172,2807,2913,32,10
1173,2808,2914,17,3
1174,2812,2918,46,50
1175,2814,2920,19,45
1176,2817,2923,10,1
1177,2818,2924,18,3
1178,2820,2926,7,5
1179,2823,2929,6,2
1180,2825,2931,22,2
1181,2827,2933,21,8
1182,2828,2934,26,13
1183,2830,2936,10,1
1184,2831,2937,16,9
1185,2832,2938,24,10
1186,2834,2940,32,71
1187,2835,2941,26,3
1188,2836,2942,14,38
1189,2837,2943,27,5
1190,2839,2945,11,4
1191,2840,2946,17,42
1192,2853,2962,2,2
1193,2855,2964,8,4
1194,2856,2965,8,6
1195,2857,2966,8,4
1196,2871,2983,12,9
1197,2873,2986,12,4
1198,2877,2990,7,1
1199,2879,2992,5,1
1200,2880,2993,17,4
1201,2881,2994,9,6
1202,2882,2996,19,51
1203,2884,2998,7,1
1204,2885,2999,10,7
1205,2886,3000,4,3
1206,2887,3001,13,5
1207,2888,3002,30,20
1208,2890,3004,9,3
1209,2891,3005,41,34
1210,2892,3006,14,6
1211,2895,3009,10,4
1212,2898,3012,48,13
1213,2899,3013,3,3
1214,2904,3020,3,2
1215,2907,3023,14,6
1216,2909,3025,22,28
1217,2911,3028,9,4
1218,2912,3029,16,6
1219,2915,3032,43,67
1220,2916,3033,18,41
1221,2918,3035,5,2
1222,2922,3039,25,18
1223,2923,3040,29,21
1224,2924,3041,40,260
1225,2925,3042,15,4
1226,2926,3043,4,17
1227,2927,3044,33,16
1228,2948,3067,18,18
1229,2950,3070,4,7
1230,2955,3075,8,7
1231,2956,3076,3,2
1232,2963,3083,14,22
1233,2970,3091,13,4
1234,2973,3095,7,6
1235,2974,3096,5,5
1236,2975,3097,21,6
1237,2976,3098,39,27
1238,2979,3102,4,1
1239,2981,3104,6,4
1240,2982,3105,11,19
1241,2984,3107,10,2
1242,2985,3108,9,3
1243,2986,3109,19,5
1244,2989,3112,36,18
1245,2991,3114,4,1
1246,2992,3115,5,3
1247,2993,3116,35,21
1248,2994,3117,13,5
1249,2997,3120,10,4
1250,2998,3121,17,7
1251,3003,3129,35,25
1252,3004,3130,34,62
1253,3008,3134,19,7
1254,3009,3135,13,13
1255,3010,3136,44,42
1256,3012,3138,54,24
1257,3013,3139,32,24
1258,3014,3140,7,6
1259,3016,3142,36,21
1260,3019,3145,43,44
1261,3020,3146,46,42
1262,3021,3147,8,1
1263,3023,3149,10,1
1264,3024,3150,4,2
1265,3025,3151,7,2
1266,3026,3153,14,25
1267,3027,3154,38,19
1268,3028,3155,30,24
1269,3029,3156,14,19
1270,3030,3157,18,12
1271,3031,3158,18,44
1272,3032,3159,23,8
1273,3033,3160,5,7
1274,3034,3161,12,5
1275,3035,3162,15,1
1276,3036,3163,56,38
1277,3038,3165,29,8
1278,3040,3167,24,7
1279,3041,3168,19,15
1280,3043,3170,41,28
1281,3044,3171,33,2
1282,3045,3172,26,18
1283,3046,3173,1,1
1284,3047,3174,27,3
1285,3048,3175,11,27
1286,3049,3176,12,7
1287,3050,3177,7,4
1288,3051,3178,36,35
1289,3054,3181,16,33
1290,3055,3182,25,5
1291,3057,3184,41,11
1292,3059,3187,15,13
1293,3066,3195,7,7
1294,3068,3199,4,3
1295,3074,3207,6,7
1296,3077,3212,25,33
1297,3078,3213,4,2
1298,3080,3215,4,1
1299,3081,3216,7,6
1300,3086,3221,15,10
1301,3087,3222,17,16
1302,3089,3224,13,9
1303,3090,3225,9,4
1304,3093,3228,19,19
1305,3094,3229,18,8
1306,3096,3231,36,55
1307,3098,3233,62,4
1308,3099,3234,46,19
1309,3101,3236,65,59
1310,3104,3239,6,1
1311,3112,3247,9,3
1312,3115,3250,5,1
1313,3117,3254,3,2
1314,3118,3255,10,5
1315,3119,3256,12,1
1316,3120,3257,5,3
1317,3121,3258,34,17
1318,3122,3259,4,3
1319,3123,3260,47,6
1320,3124,3261,33,37
1321,3126,3263,64,45
1322,3127,3264,19,3
1323,3129,3267,6,2
1324,3131,3269,7,9
1325,3134,3272,27,28
1326,3136,3274,20,14
1327,3139,3277,6,1
1328,3144,3282,14,8
1329,3161,3299,1,2
1330,3166,3304,11,14
1331,3167,3305,6,5
1332,3168,3306,12,6
1333,3176,3314,11,10
1334,3177,3315,4,1
1335,3179,3317,12,11
1336,3180,3318,3,1
1337,3181,3319,4,3
1338,3187,3325,5,3
1339,3188,3326,1,14
1340,3189,3327,4,1
1341,3192,3330,14,11
1342,3193,3331,5,5
1343,3196,3335,9,1
1344,3197,3336,9,5
1345,3203,3343,14,1
1346,3211,3351,8,4
1347,3212,3352,6,5
1348,3213,3353,8,3
1349,3214,3354,36,33
1350,3215,3355,14,6
1351,3217,3357,7,16
1352,3219,3360,5,1
1353,3220,3361,28,20
1354,3222,3363,43,24
1355,3224,3365,22,9
1356,3226,3367,13,15
1357,3227,3368,25,4
1358,3229,3370,34,18
1359,3236,3378,10,3
1360,3238,3381,4,1
1361,3242,3385,17,10
1362,3244,3387,44,23
1363,3245,3388,3,1
1364,3247,3390,20,11
1365,3248,3391,19,4
1366,3249,3392,12,4
1367,3250,3393,23,9
1368,3253,3397,19,29
1369,3255,3400,12,9
1370,3256,3401,3,1
1371,3257,3402,14,14
1372,3258,3403,54,23
1373,3263,3408,11,1
1374,3265,3410,4,1
1375,3267,3412,7,4
1376,3268,3414,27,4
1377,3277,3423,7,4
1378,3300,3454,8,12
1379,3301,3455,3,3
1380,3302,3456,6,15
1381,3305,3459,4,4
1382,3313,3468,11,6
1383,3314,3469,14,9
1384,3315,3470,3,2
1385,3316,3471,19,21
1386,3318,3473,17,14
1387,3319,3474,22,23
1388,3320,3475,10,3
1389,3328,3483,36,38
1390,3330,3485,36,37
1391,3331,3486,31,20
1392,3333,3488,13,11
1393,3334,3489,9,10
1394,3337,3492,3,3
1395,3338,3493,1,2
1396,3339,3494,3,1
1397,3342,3497,9,18
1398,3344,3499,20,52
1399,3346,3501,27,22
1400,3347,3502,16,11
1401,3389,3548,1,3
1402,3392,3551,6,2
1403,3397,3556,29,25
1404,3410,3570,22,55
1405,3412,3572,11,6
1406,3413,3573,3,4
1407,3436,3599,1,1
1408,3439,3602,4,4
1409,3450,3614,1,1
1410,3453,3617,5,4
1411,3463,3629,18,10
1412,3465,3631,4,4
1413,3481,3649,10,8
1414,3495,3668,9,10
1415,3496,3669,16,1
1416,3502,3675,9,9
1417,3511,3684,2,1
1418,3512,3685,1,1
1419,3514,3687,11,4
1420,3516,3689,2,1
1421,3517,3692,11,7
1422,3518,3693,18,14
1423,3519,3694,9,4
1424,3533,3712,2,2
1425,3536,3715,23,11
1426,3537,3716,17,22
1427,3540,3719,16,5
1428,3541,3720,15,5
1429,3542,3721,3,11
1430,3543,3722,7,2
1431,3545,3725,11,2
1432,3546,3726,4,4
1433,3547,3727,7,2
1434,3548,3728,9,4
1435,3550,3730,8,1
1436,3551,3731,17,7
1437,3553,3733,4,1
1438,3554,3734,8,4
1439,3555,3735,11,7
1440,3556,3736,8,3
1441,3557,3737,23,6
1442,3558,3738,12,7
1443,3561,3742,7,3
1444,3563,3746,7,4
1445,3564,3747,38,15
1446,3566,3749,7,1
1447,3567,3750,51,35
1448,3570,3753,43,21
1449,3571,3754,18,3
1450,3574,3757,13,6
1451,3575,3758,13,1
1452,3576,3759,6,1
1453,3577,3760,9,10
1454,3578,3761,10,6
1455,3579,3762,4,1
1456,3580,3763,14,12
1457,3582,3765,17,6
1458,3586,3769,14,74
1459,3589,3772,2,1
1460,3591,3774,16,7
1461,3592,3777,20,24
1462,3597,3782,9,5
1463,3599,3785,12,7
1464,3600,3786,11,11
1465,3603,3790,5,6
1466,3605,3792,6,4
1467,3607,3794,32,35
1468,3608,3795,10,5
1469,3610,3797,9,2
1470,3611,3798,11,12
1471,3612,3799,21,5
1472,3613,3800,22,29
1473,3614,3801,26,13
1474,3615,3802,50,23
1475,3616,3803,19,16
1476,3617,3804,7,4
1477,3620,3807,4,5
1478,3622,3809,8,1
1479,3624,3811,6,3
1480,3635,3822,11,2
1481,3640,3827,31,20
1482,3641,3828,26,45
1483,3651,3839,4,5
1484,3652,3840,22,13
1485,3658,3846,12,4
1486,3661,3849,15,22
1487,3664,3852,5,31
1488,3665,3853,7,3
1489,3667,3855,22,9
1490,3669,3857,18,13
1491,3670,3858,4,9
1492,3672,3860,6,2
1493,3673,3861,16,3
1494,3674,3862,10,1
1495,3676,3864,26,39
1496,3677,3865,13,2
1497,3678,3867,15,2
1498,3679,3868,7,1
1499,3681,3870,5,5
1500,3685,3874,3,2
1501,3689,3878,21,18
1502,3699,3889,9,2
1503,3702,3892,9,4
1504,3704,3894,9,4
1505,3705,3895,15,1
1506,3709,3900,27,19
1507,3714,3906,5,1
1508,3729,3921,9,11
1509,3731,3924,13,11
1510,3732,3925,10,1
1511,3733,3926,9,5
1512,3734,3927,32,19
1513,3740,3933,16,3
1514,3743,3936,7,1
1515,3747,3940,13,1
1516,3752,3945,20,5
1517,3753,3946,26,13
1518,3754,3947,14,20
1519,3756,3949,9,4
1520,3757,3950,19,26
1521,3759,3952,12,11
1522,3760,3953,8,5
1523,3773,3967,2,1
1524,3776,3971,16,13
1525,3777,3972,10,8
1526,3790,3990,7,5
1527,3791,3992,9,7
1528,3799,4001,7,14
1529,3803,4005,7,7
1530,3804,4006,12,8
1531,3810,4012,13,11
1532,3811,4013,39,76
1533,3818,4020,4,3
1534,3819,4021,6,2
1535,3823,4026,7,4
1536,3824,4027,6,1
1537,3825,4028,20,32
1538,3830,4033,16,9
1539,3832,4035,21,11
1540,3833,4036,5,3
1541,3835,4038,22,14
1542,3836,4039,42,20
1543,3842,4045,6,6
1544,3843,4046,5,8
1545,3846,4049,1,1
1546,3851,4054,4,4
1547,3852,4055,1,1
1548,3856,4059,13,5
1549,3858,4061,12,3
1550,3861,4065,6,6
1551,3862,4066,5,4
1552,3874,4078,11,12
1553,3891,4098,3,2
1554,3899,4107,19,13
1555,3901,4110,4,1
1556,3904,4113,3,3
1557,3905,4114,12,3
1558,3915,4125,1,1
1559,3916,4126,11,20
1560,3919,4129,8,5
1561,3920,4130,7,2
1562,3921,4131,10,8
1563,3922,4132,5,5
1564,3926,4136,10,5
1565,3927,4137,12,2
1566,3928,4138,18,9
1567,3929,4139,12,9
1568,3930,4140,11,3
1569,3931,4141,33,15
1570,3932,4142,21,14
1571,3934,4144,27,26
1572,3935,4145,13,7
1573,3937,4147,12,7
1574,3939,4149,5,1
1575,3941,4152,4,3
1576,3944,4155,2,1
1577,3945,4156,3,1
1578,3949,4162,10,11
1579,3950,4163,7,1
1580,3952,4165,23,6
1581,3955,4168,19,15
1582,3957,4170,1,2
1583,3958,4171,6,4
1584,3961,4174,17,11
1585,3962,4175,17,9
1586,3963,4176,7,2
1587,3964,4177,8,14
1588,3965,4178,12,21
1589,3967,4180,21,10
1590,3968,4181,38,24
1591,3971,4184,10,4
1592,3973,4186,8,4
1593,3974,4187,2,1
1594,3979,4194,5,1
1595,3980,4196,4,3
1596,3986,4205,2,1
1597,3987,4206,5,2
1598,3999,4220,6,3
1599,4005,4226,5,1
1600,4009,4231,13,2
1601,4015,4238,4,6
1602,4017,4240,6,3
1603,4018,4241,5,3
1604,4024,4248,16,12
1605,4035,4259,4,1
1606,4040,4264,11,4
1607,4043,4267,21,15
1608,4046,4271,13,6
1609,4047,4272,9,3
1610,4049,4274,5,3
1611,4050,4275,11,10
1612,4052,4278,11,6
1613,4056,4282,6,7
1614,4060,4286,7,1
1615,4086,4316,2,1
1616,4087,4317,9,10
1617,4090,4321,3,2
1618,4091,4322,22,22
1619,4094,4325,6,4
1620,4096,4327,5,4
1621,4097,4328,4,1
1622,4100,4331,8,3
1623,4104,4336,3,1
1624,4106,4338,5,5
1625,4114,4347,28,19
1626,4119,4354,6,5
1627,4121,4357,11,9
1628,4122,4358,6,4
1629,4124,4360,3,2
1630,4125,4361,4,1
1631,4133,4369,13,1
1632,4135,4371,10,2
1633,4138,4374,17,40
1634,4147,4384,2,1
1635,4150,4387,3,2
1636,4151,4388,4,5
1637,4160,4397,3,2
1638,4163,4401,3,1
1639,4166,4406,19,14
1640,4167,4407,26,24
1641,4168,4408,19,16
1642,4170,4410,3,1
1643,4173,4413,11,10
1644,4174,4414,17,5
1645,4175,4415,16,19
1646,4176,4416,21,10
1647,4177,4418,11,5
1648,4180,4421,8,3
1649,4181,4422,16,9
1650,4189,4431,7,4
1651,4198,4441,2,1
1652,4205,4449,14,5
1653,4206,4450,12,6
1654,4207,4451,24,33
1655,4212,4457,2,1
1656,4213,4458,8,4
1657,4218,4464,3,1
1658,4221,4468,5,5
1659,4228,4476,10,2
1660,4234,4482,5,2
1661,4236,4485,7,6
1662,4242,4492,20,16
1663,4243,4493,24,27
1664,4244,4494,9,3
1665,4245,4495,3,4
1666,4254,4506,14,11
1667,4256,4508,8,3
1668,4260,4512,4,6
1669,4262,4514,2,1
1670,4263,4515,3,3
1671,4270,4525,6,5
1672,4271,4527,2,1
1673,4273,4529,3,1
1674,4277,4535,2,1
1675,4279,4537,3,1
1676,4285,4552,14,2
1677,4286,4556,3,1
1678,4287,4557,3,2
1679,4290,4563,2,1
1680,4291,4565,4,1
1681,4293,4567,13,4
1682,4295,4570,6,3
1683,4300,4576,8,4
1684,4303,4579,15,6
1685,4308,4585,7,3
1686,4310,4587,6,3
1687,4311,4589,18,8
1688,4315,4594,18,6
1689,4319,4598,20,9
1690,4321,4600,17,15
1691,4322,4601,22,9
1692,4327,4607,2,2
1693,4333,4615,3,3
1694,4337,4619,6,6
1695,4340,4622,7,3
1696,4354,4637,2,1
1697,4355,4638,12,3
1698,4357,4640,2,1
1699,4359,4642,8,3
1700,4361,4645,4,1
1701,4393,4682,12,7
1702,4396,4686,5,4
1703,4399,4689,8,1
1704,4400,4690,7,4
1705,4403,4693,9,2
1706,4404,4694,20,7
1707,4409,4699,8,1
1708,4411,4701,16,8
1709,4413,4703,20,3
1710,4415,4705,3,6
1711,4422,4713,2,2
1712,4425,4716,4,6
1713,4427,4718,12,3
1714,4439,4732,15,3
1715,4443,4736,17,7
1716,4449,4742,23,15
1717,4456,4751,1,1
1718,4457,4753,11,4
1719,4463,4759,13,25
1720,4470,4766,4,3
1721,4479,4775,8,2
1722,4482,4779,7,4
1723,4490,4787,16,5
1724,4495,4793,17,2
1725,4499,4797,25,73
1726,4505,4803,8,2
1727,4512,4811,1,1
1728,4514,4813,5,3
1729,4515,4814,9,1
1730,4522,4821,2,2
1731,4524,4824,5,6
1732,4525,4825,7,4
1733,4526,4826,3,9
1734,4527,4827,17,5
1735,4533,4833,12,10
1736,4536,4836,16,9
1737,4537,4838,5,2
1738,4539,4840,5,3
1739,4555,4857,3,1
1740,4562,4867,5,2
1741,4563,4868,11,15
1742,4565,4870,1,1
1743,4569,4875,18,18
1744,4571,4877,2,1
1745,4573,4880,5,2
1746,4574,4884,8,9
1747,4587,4899,3,3
1748,4589,4901,1,1
1749,4598,4910,3,2
1750,4599,4911,6,2
1751,4600,4912,5,4
1752,4603,4915,4,1
1753,4604,4916,10,2
1754,4605,4917,6,2
1755,4606,4918,13,8
1756,4610,4922,2,1
1757,4611,4923,11,4
1758,4612,4924,8,4
1759,4613,4925,1,1
1760,4615,4928,14,12
1761,4618,4932,18,10
1762,4626,4941,3,1
1763,4627,4942,3,1
1764,4632,4948,2,1
1765,4635,4951,4,6
1766,4636,4952,9,10
1767,4637,4953,6,10
1768,4640,4956,3,16
1769,4644,4962,9,6
1770,4649,4967,5,1
1771,4665,4992,11,23
1772,4666,4993,7,2
1773,4667,4994,6,3
1774,4668,4995,33,26
1775,4669,4996,10,10
1776,4678,5006,7,5
1777,4679,5007,5,4
1778,4682,5010,2,1
1779,4684,5014,3,1
1780,4685,5015,2,6
1781,4688,5018,5,4
1782,4697,5029,3,1
1783,4703,5035,5,6
1784,4707,5039,7,3
1785,4712,5046,2,1
1786,4713,5047,12,4
1787,4714,5048,3,1
1788,4721,5055,1,1
1789,4726,5062,2,1
1790,4728,5064,10,9
1791,4729,5065,5,4
1792,4733,5069,4,2
1793,4737,5073,14,21
1794,4738,5074,6,8
1795,4739,5075,2,2
1796,4740,5076,4,2
1797,4741,5077,1,1
1798,4742,5078,18,13
1799,4743,5079,2,1
1800,4744,5080,4,2
1801,4746,5082,18,5
1802,4748,5085,3,2
1803,4749,5086,7,4
1804,4751,5088,3,3
1805,4752,5089,4,3
1806,4758,5095,2,1
1807,4759,5096,2,1
1808,4761,5098,4,2
1809,4762,5100,4,6
1810,4763,5101,5,7
1811,4765,5103,3,2
1812,4767,5106,6,2
1813,4768,5107,7,2
1814,4769,5108,2,1
1815,4770,5109,5,1
1816,4771,5110,12,8
1817,4772,5111,8,3
1818,4775,5116,14,5
1819,4776,5117,7,1
1820,4778,5119,16,12
1821,4780,5121,12,4
1822,4781,5122,2,4
1823,4783,5124,19,11
1824,4785,5126,14,3
1825,4786,5127,3,12
1826,4788,5129,10,1
1827,4795,5137,5,5
1828,4796,5138,13,5
1829,4798,5142,4,1
1830,4800,5144,3,1
1831,4807,5151,2,1
1832,4810,5155,7,4
1833,4812,5157,2,1
1834,4815,5160,15,11
1835,4816,5161,4,8
1836,4822,5167,2,1
1837,4828,5176,1,1
1838,4841,5193,4,3
1839,4842,5195,1,2
1840,4845,5201,5,1
1841,4848,5204,9,6
1842,4849,5205,5,1
1843,4850,5206,2,1
1844,4851,5207,5,1
1845,4853,5209,5,2
1846,4855,5214,12,2
1847,4856,5215,7,3
1848,4860,5219,2,1
1849,4861,5220,6,2
1850,4863,5224,7,3
1851,4864,5225,25,16
1852,4865,5226,1,3
1853,4867,5229,5,3
1854,4868,5230,7,5
1855,4872,5234,1,3
1856,4877,5240,1,1
1857,4880,5250,4,3
1858,4882,5255,14,13
1859,4883,5256,17,7
1860,4884,5257,5,2
1861,4887,5260,1,2
1862,4889,5264,3,2
1863,4890,5265,3,1
1864,4897,5272,4,1
1865,4899,5274,3,2
1866,4903,5278,7,1
1867,4916,5293,20,23
1868,4919,5296,2,4
1869,4925,5302,2,2
1870,4927,5304,1,1
1871,4928,5305,5,3
1872,4929,5307,13,13
1873,4931,5309,6,2
1874,4932,5310,1,2
1875,4936,5314,5,2
1876,4950,5331,4,3
1877,4952,5333,5,3
1878,4953,5334,7,2
1879,4964,5347,2,1
1880,4968,5353,5,8
1881,4975,5360,13,2
1882,4978,5363,9,8
1883,4981,5366,9,5
1884,4983,5368,18,5
1885,4987,5373,2,1
1886,4990,5377,1,6
1887,4991,5378,8,4
1888,4992,5381,6,5
1889,4997,5389,7,2
1890,5001,5394,10,3
1891,5002,5395,13,2
1892,5003,5396,7,3
1893,5005,5400,3,2
1894,5011,5410,3,2
1895,5016,5415,8,5
1896,5021,5421,3,2
1897,5028,5430,7,8
1898,5033,5435,5,1
1899,5034,5436,15,3
1900,5037,5439,4,2
1901,5041,5443,1,1
1902,5042,5444,2,1
1903,5043,5445,18,1
1904,5044,5446,4,2
1905,5052,5454,1,1
1906,5057,5459,3,1
1907,5061,5466,5,4
1908,5063,5468,3,3
1909,5065,5470,12,4
1910,5066,5471,5,3
1911,5069,5474,5,1
1912,5071,5477,2,2
1913,5073,5481,1,1
1914,5074,5482,6,7
1915,5080,5488,1,1
1916,5081,5489,2,1
1917,5086,5494,4,5
1918,5097,5505,10,6
1919,5103,5511,1,3
1920,5113,5523,7,1
1921,5119,5529,7,4
1922,5121,5531,8,4
1923,5124,5534,1,2
1924,5129,5540,2,2
1925,5130,5541,5,2
1926,5133,5544,6,4
1927,5134,5545,4,2
1928,5135,5546,7,5
1929,5137,5548,12,5
1930,5140,5552,7,2
1931,5141,5553,1,3
1932,5146,5559,4,2
1933,5156,5570,11,8
1934,5157,5571,17,13
1935,5160,5574,1,1
1936,5166,5580,5,3
1937,5168,5582,4,5
1938,5169,5584,3,1
1939,5171,5586,1,1
1940,5173,5588,13,7
1941,5174,5589,10,2
1942,5176,5591,11,1
1943,5177,5592,10,2
1944,5179,5594,4,3
1945,5187,5608,10,6
1946,5194,5618,5,3
1947,5203,5631,1,2
1948,5209,5637,16,6
1949,5210,5639,7,3
1950,5212,5642,13,2
1951,5219,5649,13,2
1952,5229,5660,2,1
1953,5232,5663,9,3
1954,5237,5669,1,2
1955,5241,5673,3,3
1956,5242,5674,2,1
1957,5246,5678,2,1
1958,5252,5685,1,2
1959,5271,5708,2,1
1960,5276,5714,3,1
1961,5278,5716,4,3
1962,5285,5728,1,1
1963,5286,5729,4,2
1964,5290,5735,1,1
1965,5293,5738,7,1
1966,5317,5768,2,2
1967,5325,5778,5,2
1968,5331,5784,6,2
1969,5340,5793,2,1
1970,5360,5816,1,1
1971,5372,5833,6,2
1972,5373,5834,12,2
1973,5379,5840,1,1
1974,5386,5848,4,3
1975,5387,5849,4,1
1976,5390,5852,2,1
1977,5391,5853,3,1
1978,5397,5860,4,1
1979,5404,5868,3,1
1980,5406,5870,1,1
1981,5412,5877,3,4
1982,5415,5880,2,2
1983,5421,5889,4,2
1984,5427,5896,11,1
1985,5431,5905,3,1
1986,5434,5909,3,1
1987,5441,5918,6,5
1988,5454,5933,6,2
1989,5457,5937,3,4
1990,5458,5939,10,5
1991,5475,5958,14,6
1992,5481,5964,6,20
1993,5487,5970,6,3
1994,5496,5981,3,1
1995,5498,5984,1,1
1996,5507,5993,2,1
1997,5510,5997,6,1
1998,5511,5998,9,2
1999,5513,6000,8,3
2000,5520,6007,5,4
2001,5522,6009,7,6
2002,5525,6012,8,2
2003,5528,6015,8,1
2004,5552,6041,9,4
2005,5557,6046,8,3
2006,5570,6060,4,3
2007,5575,6067,10,3
2008,5577,6069,5,2
2009,5588,6084,7,2
2010,5600,6098,4,1
2011,5618,6119,1,1
2012,5643,6148,10,3
2013,5647,6152,3,2
2014,5652,6158,2,1
2015,5654,6161,4,4
2016,5656,6163,2,1
2017,5657,6164,2,2
2018,5658,6165,2,2
2019,5661,6169,4,2
2020,5664,6172,3,3
2021,5672,6184,1,1
2022,5684,6198,2,1
2023,5692,6208,2,3
2024,5695,6212,2,1
2025,5696,6213,3,1
2026,5699,6223,5,5
2027,5700,6224,3,1
2028,5703,6227,7,10
2029,5706,6230,1,2
2030,5710,6237,6,3
2031,5713,6241,1,1
2032,5725,6256,5,5
2033,5730,6262,2,3
2034,5732,6264,10,6
2035,5736,6269,5,14
2036,5740,6273,4,8
2037,5746,6281,2,1
2038,5759,6297,2,2
2039,5777,6317,5,3
2040,5788,6333,4,1
2041,5789,6334,4,1
2042,5792,6337,3,2
2043,5796,6346,1,3
2044,5806,6360,2,2
2045,5813,6368,1,2
2046,5819,6376,5,1
2047,5823,6380,4,2
2048,5824,6381,3,3
2049,5826,6383,5,2
2050,5845,6405,2,21
2051,5852,6413,1,1
2052,5854,6415,1,5
2053,5862,6424,1,13
2054,5865,6427,2,1
2055,5879,6444,4,1
2056,5881,6447,4,1
2057,5893,6461,3,2
2058,5895,6465,2,1
2059,5926,6507,4,1
2060,5935,6516,4,1
2061,5939,6521,2,2
2062,5947,6531,1,1
2063,5948,6532,3,2
2064,5950,6536,1,7
2065,5968,6560,3,3
2066,6016,6621,1,1
2067,6024,6634,3,3
2068,6025,6635,1,2
2069,6027,6639,1,2
2070,6035,6649,1,2
2071,6037,6651,3,1
2072,6041,6655,2,2
2073,6050,6669,1,1
2074,6056,6678,2,1
2075,6069,6691,1,1
2076,6097,6733,1,1
2077,6151,6806,3,1
2078,6188,6856,1,1
2079,6191,6859,2,1
2080,6226,6900,2,2
2081,6231,6907,1,1
2082,6257,6942,1,2
2083,6262,6948,1,1
2084,6312,7016,3,2
2085,6325,7034,1,2
2086,6334,7051,2,1
2087,6338,7056,1,1
2088,6350,7077,1,1
2089,6354,7082,1,1
2090,6385,7127,1,2
2091,6425,7186,1,2
