node_id,z0
0,0
1,1
2,1
3,1
4,1
5,1
6,1
7,1
8,1
9,1
10,1
11,1
12,1
13,1
14,1
15,1
16,1
17,1
18,1
19,1
20,1
21,1
22,1
23,0
24,1
25,0
26,0
27,1
28,1
29,1
30,1
31,1
32,0
33,1
34,1
35,0
36,1
37,1
38,1
39,1
40,1
41,1
42,0
43,1
44,1
45,1
46,1
47,0
48,0
49,0
50,0
51,1
52,1
53,0
54,1
55,0
56,0
57,0
58,0
59,0
60,0
61,0
62,1
63,0
64,1
65,1
66,0
67,1
68,0
69,0
70,1
71,1
72,1
73,1
74,1
75,1
76,1
77,1
78,1
79,1
80,1
81,1
82,1
83,1
84,1
85,1
86,1
87,1
88,1
89,1
90,1
91,1
92,1
93,1
94,1
95,1
96,1
97,2
98,1
99,1
100,1
101,1
102,1
103,0
104,1
105,2
106,1
107,1
108,1
109,1
110,1
111,1
112,1
113,1
114,1
115,1
116,1
117,1
118,1
119,1
120,1
121,0
122,0
123,1
124,1
125,1
126,1
127,0
128,1
129,0
130,1
131,0
132,1
133,0
134,0
135,0
136,0
137,0
138,0
139,0
140,0
141,0
142,0
143,2
144,0
145,0
146,0
147,0
148,0
149,0
150,0
151,2
152,0
153,0
154,0
155,0
156,0
157,0
158,0
159,0
160,0
161,0
162,0
163,0
164,2
165,2
166,0
167,0
168,0
169,0
170,0
171,0
172,0
173,0
174,0
175,1
176,1
177,1
178,1
179,1
180,0
181,1
182,1
183,1
184,1
185,0
186,1
187,1
188,1
189,1
190,1
191,1
192,3
193,1
194,1
195,1
196,1
197,1
198,1
199,1
200,1
201,1
202,1
203,1
204,1
205,1
206,1
207,1
208,1
209,1
210,1
211,1
212,1
213,1
214,1
215,1
216,0
217,1
218,1
219,1
220,1
221,1
222,1
223,1
224,1
225,1
226,1
227,1
228,1
229,1
230,1
231,0
232,1
233,1
234,1
235,1
236,1
237,1
238,1
239,1
240,1
241,1
242,1
243,1
244,1
245,1
246,0
247,1
248,1
249,1
250,1
251,1
252,1
253,1
254,3
255,1
256,1
257,0
258,0
259,0
260,1
261,1
262,1
263,1
264,1
265,1
266,1
267,0
268,4
269,0
270,0
271,1
272,1
273,1
274,1
275,2
276,1
277,1
278,1
279,1
280,1
281,1
282,1
283,1
284,1
285,1
286,1
287,1
288,1
289,1
290,1
291,0
292,1
293,1
294,1
295,1
296,1
297,1
298,1
299,1
300,1
301,1
302,1
303,1
304,1
305,1
306,0
307,1
308,1
309,1
310,1
311,1
312,1
313,1
314,1
315,1
316,1
317,1
318,1
319,1
320,1
321,1
322,1
323,0
324,1
325,1
326,1
327,1
328,1
329,1
330,1
331,1
332,3
333,1
334,1
335,1
336,1
337,1
338,1
339,1
340,1
341,1
342,1
343,1
344,1
345,1
346,1
347,1
348,0
349,1
350,1
351,1
352,3
353,1
354,1
355,1
356,1
357,1
358,1
359,1
360,1
361,1
362,1
363,1
364,1
365,1
366,1
367,1
368,1
369,3
370,2
371,1
372,1
373,1
374,1
375,1
376,1
377,1
378,1
379,0
380,1
381,2
382,0
383,1
384,1
385,1
386,0
387,1
388,0
389,1
390,1
391,1
392,1
393,1
394,1
395,1
396,1
397,1
398,1
399,0
400,1
401,1
402,1
403,3
404,4
405,1
406,0
407,1
408,1
409,1
410,1
411,1
412,1
413,1
414,1
415,0
416,1
417,1
418,1
419,1
420,1
421,1
422,1
423,1
424,1
425,1
426,0
427,0
428,1
429,1
430,1
431,0
432,0
433,0
434,0
435,0
436,0
437,0
438,2
439,0
440,0
441,1
442,0
443,0
444,0
445,0
446,0
447,0
448,0
449,0
450,0
451,0
452,0
453,0
454,1
455,0
456,0
457,0
458,0
459,0
460,0
461,0
462,0
463,0
464,0
465,1
466,1
467,1
468,1
469,1
470,1
471,1
472,1
473,1
474,1
475,0
476,1
477,1
478,1
479,1
480,1
481,1
482,1
483,1
484,1
485,1
486,1
487,1
488,1
489,1
490,0
491,1
492,2
493,1
494,1
495,1
496,0
497,0
498,0
499,0
500,0
501,0
502,0
503,2
504,0
505,1
506,1
507,0
508,0
509,0
510,0
511,0
512,0
513,0
514,0
515,0
516,0
517,0
518,0
519,0
520,0
521,0
522,0
523,0
524,0
525,0
526,0
527,0
528,0
529,0
530,0
531,1
532,2
533,0
534,1
535,1
536,0
537,0
538,1
539,2
540,1
541,1
542,2
543,1
544,1
545,1
546,0
547,1
548,0
549,1
550,2
551,1
552,0
553,1
554,2
555,1
556,1
557,1
558,1
559,1
560,1
561,0
562,1
563,0
564,1
565,0
566,4
567,2
568,1
569,1
570,1
571,1
572,1
573,1
574,1
575,1
576,1
577,1
578,1
579,1
580,1
581,1
582,0
583,0
584,0
585,0
586,0
587,0
588,0
589,0
590,0
591,0
592,0
593,0
594,0
595,0
596,0
597,3
598,0
599,0
600,0
601,0
602,1
603,0
604,0
605,0
606,0
607,1
608,1
609,1
610,1
611,1
612,1
613,1
614,1
615,1
616,1
617,1
618,1
619,1
620,1
621,1
622,1
623,1
624,1
625,0
626,1
627,1
628,0
629,1
630,1
631,1
632,1
633,0
634,1
635,0
636,0
637,0
638,0
639,0
640,0
641,4
642,4
643,0
644,0
645,2
646,0
647,2
648,2
649,2
650,2
651,1
652,1
653,1
654,1
655,1
656,1
657,1
658,1
659,1
660,3
661,0
662,0
663,1
664,0
665,2
666,2
667,0
668,0
669,0
670,0
671,0
672,0
673,1
674,1
675,1
676,1
677,1
678,0
679,1
680,0
681,0
682,0
683,0
684,0
685,2
686,2
687,1
688,1
689,0
690,1
691,1
692,1
693,1
694,1
695,1
696,1
697,1
698,1
699,0
700,1
701,1
702,0
703,1
704,0
705,1
706,1
707,1
708,0
709,1
710,0
711,0
712,0
713,0
714,1
715,1
716,1
717,1
718,0
719,1
720,1
721,3
722,1
723,1
724,1
725,1
726,0
727,1
728,1
729,0
730,1
731,1
732,3
733,1
734,1
735,1
736,1
737,1
738,1
739,1
740,1
741,1
742,1
743,1
744,1
745,3
746,1
747,1
748,1
749,1
750,1
751,1
752,1
753,1
754,1
755,2
756,2
757,1
758,1
759,1
760,0
761,1
762,0
763,1
764,1
765,0
766,1
767,1
768,1
769,1
770,1
771,1
772,0
773,1
774,2
775,0
776,0
777,1
778,2
779,0
780,0
781,3
782,0
783,1
784,1
785,2
786,1
787,0
788,1
789,0
790,0
791,2
792,0
793,0
794,0
795,0
796,0
797,0
798,0
799,0
800,0
801,0
802,0
803,1
804,1
805,1
806,3
807,0
808,1
809,1
810,1
811,1
812,1
813,1
814,1
815,1
816,1
817,1
818,4
819,1
820,1
821,1
822,1
823,1
824,2
825,1
826,1
827,1
828,1
829,1
830,1
831,0
832,1
833,0
834,1
835,0
836,2
837,1
838,1
839,2
840,1
841,1
842,1
843,0
844,0
845,3
846,1
847,1
848,1
849,1
850,1
851,1
852,0
853,1
854,0
855,0
856,0
857,0
858,0
859,0
860,0
861,0
862,0
863,0
864,0
865,0
866,2
867,0
868,0
869,0
870,0
871,0
872,0
873,0
874,0
875,0
876,0
877,0
878,1
879,1
880,1
881,1
882,4
883,1
884,2
885,1
886,1
887,1
888,1
889,1
890,1
891,1
892,1
893,0
894,2
895,1
896,1
897,0
898,0
899,1
900,1
901,1
902,1
903,1
904,1
905,1
906,3
907,1
908,1
909,1
910,1
911,1
912,1
913,0
914,1
915,1
916,0
917,1
918,3
919,1
920,1
921,1
922,1
923,2
924,0
925,1
926,0
927,0
928,1
929,1
930,0
931,0
932,2
933,0
934,3
935,0
936,1
937,1
938,0
939,1
940,1
941,1
942,1
943,1
944,0
945,0
946,2
947,0
948,0
949,0
950,0
951,0
952,1
953,1
954,2
955,0
956,0
957,0
958,0
959,0
960,0
961,0
962,0
963,0
964,0
965,2
966,0
967,0
968,0
969,0
970,1
971,0
972,0
973,0
974,0
975,0
976,0
977,0
978,0
979,0
980,2
981,0
982,0
983,0
984,0
985,0
986,0
987,0
988,0
989,0
990,0
991,0
992,0
993,0
994,0
995,0
996,2
997,1
998,0
999,2
1000,0
1001,0
1002,2
1003,0
1004,0
1005,0
1006,0
1007,4
1008,0
1009,0
1010,0
1011,0
1012,0
1013,0
1014,0
1015,0
1016,0
1017,0
1018,0
1019,4
1020,0
1021,0
1022,0
1023,0
1024,0
1025,0
1026,2
1027,0
1028,0
1029,0
1030,0
1031,0
1032,1
1033,4
1034,0
1035,1
1036,0
1037,1
1038,1
1039,1
1040,1
1041,0
1042,2
1043,2
1044,0
1045,0
1046,1
1047,0
1048,0
1049,0
1050,1
1051,0
1052,0
1053,0
1054,1
1055,1
1056,1
1057,1
1058,1
1059,1
1060,1
1061,1
1062,1
1063,1
1064,1
1065,1
1066,1
1067,1
1068,1
1069,1
1070,1
1071,1
1072,0
1073,1
1074,1
1075,1
1076,1
1077,1
1078,2
1079,4
1080,1
1081,1
1082,4
1083,0
1084,1
1085,1
1086,0
1087,1
1088,0
1089,1
1090,1
1091,0
1092,1
1093,0
1094,1
1095,1
1096,1
1097,1
1098,0
1099,0
1100,1
1101,0
1102,0
1103,0
1104,3
1105,1
1106,0
1107,3
1108,0
1109,0
1110,0
1111,0
1112,0
1113,0
1114,0
1115,1
1116,1
1117,0
1118,1
1119,1
1120,0
1121,1
1122,0
1123,0
1124,1
1125,1
1126,1
1127,1
1128,1
1129,2
1130,3
1131,0
1132,0
1133,0
1134,0
1135,0
1136,0
1137,0
1138,0
1139,0
1140,0
1141,0
1142,0
1143,0
1144,2
1145,0
1146,0
1147,0
1148,0
1149,2
1150,0
1151,0
1152,0
1153,0
1154,0
1155,2
1156,0
1157,0
1158,0
1159,0
1160,0
1161,0
1162,0
1163,0
1164,0
1165,0
1166,0
1167,0
1168,0
1169,2
1170,1
1171,1
1172,1
1173,0
1174,2
1175,3
1176,2
1177,1
1178,1
1179,1
1180,1
1181,1
1182,1
1183,1
1184,1
1185,1
1186,1
1187,1
1188,1
1189,1
1190,1
1191,1
1192,1
1193,1
1194,1
1195,1
1196,1
1197,1
1198,4
1199,1
1200,1
1201,1
1202,2
1203,1
1204,1
1205,0
1206,0
1207,1
1208,2
1209,1
1210,0
1211,1
1212,0
1213,0
1214,0
1215,1
1216,0
1217,2
1218,0
1219,3
1220,0
1221,0
1222,0
1223,0
1224,0
1225,1
1226,2
1227,1
1228,1
1229,1
1230,1
1231,1
1232,2
1233,1
1234,1
1235,1
1236,1
1237,1
1238,0
1239,1
1240,4
1241,0
1242,0
1243,0
1244,3
1245,0
1246,0
1247,2
1248,2
1249,2
1250,2
1251,2
1252,2
1253,2
1254,2
1255,2
1256,2
1257,2
1258,2
1259,3
1260,2
1261,2
1262,2
1263,2
1264,2
1265,2
1266,2
1267,2
1268,1
1269,0
1270,1
1271,2
1272,1
1273,2
1274,0
1275,2
1276,0
1277,0
1278,0
1279,0
1280,0
1281,2
1282,0
1283,2
1284,2
1285,3
1286,2
1287,2
1288,3
1289,3
1290,2
1291,3
1292,3
1293,2
1294,3
1295,2
1296,2
1297,2
1298,3
1299,4
1300,2
1301,2
1302,3
1303,2
1304,3
1305,3
1306,2
1307,3
1308,3
1309,3
1310,2
1311,3
1312,3
1313,3
1314,3
1315,3
1316,3
1317,3
1318,3
1319,3
1320,3
1321,0
1322,0
1323,0
1324,0
1325,0
1326,0
1327,0
1328,0
1329,0
1330,0
1331,0
1332,0
1333,0
1334,0
1335,0
1336,2
1337,0
1338,2
1339,0
1340,0
1341,0
1342,2
1343,0
1344,0
1345,0
1346,0
1347,0
1348,0
1349,0
1350,0
1351,0
1352,0
1353,3
1354,0
1355,0
1356,0
1357,0
1358,0
1359,0
1360,0
1361,0
1362,0
1363,0
1364,0
1365,0
1366,0
1367,2
1368,1
1369,1
1370,3
1371,1
1372,1
1373,1
1374,1
1375,2
1376,1
1377,1
1378,2
1379,2
1380,3
1381,1
1382,1
1383,2
1384,1
1385,0
1386,1
1387,0
1388,0
1389,0
1390,0
1391,0
1392,0
1393,0
1394,2
1395,2
1396,0
1397,2
1398,3
1399,0
1400,0
1401,0
1402,0
1403,2
1404,2
1405,4
1406,0
1407,0
1408,2
1409,3
1410,0
1411,0
1412,0
1413,0
1414,2
1415,2
1416,2
1417,2
1418,2
1419,2
1420,2
1421,2
1422,3
1423,2
1424,3
1425,2
1426,3
1427,2
1428,2
1429,2
1430,2
1431,2
1432,2
1433,2
1434,2
1435,2
1436,2
1437,2
1438,2
1439,2
1440,2
1441,2
1442,2
1443,2
1444,2
1445,2
1446,2
1447,2
1448,2
1449,2
1450,2
1451,2
1452,3
1453,2
1454,2
1455,2
1456,2
1457,2
1458,2
1459,3
1460,2
1461,4
1462,2
1463,2
1464,2
1465,2
1466,2
1467,2
1468,2
1469,2
1470,2
1471,2
1472,2
1473,2
1474,2
1475,2
1476,2
1477,2
1478,2
1479,3
1480,2
1481,2
1482,3
1483,2
1484,3
1485,1
1486,1
1487,1
1488,1
1489,0
1490,0
1491,0
1492,0
1493,1
1494,1
1495,1
1496,1
1497,1
1498,1
1499,1
1500,1
1501,1
1502,1
1503,1
1504,1
1505,1
1506,1
1507,1
1508,1
1509,1
1510,1
1511,1
1512,0
1513,0
1514,0
1515,0
1516,0
1517,0
1518,3
1519,0
1520,1
1521,0
1522,0
1523,0
1524,0
1525,0
1526,0
1527,0
1528,0
1529,0
1530,0
1531,0
1532,0
1533,0
1534,0
1535,0
1536,0
1537,2
1538,2
1539,3
1540,3
1541,4
1542,1
1543,1
1544,1
1545,1
1546,2
1547,1
1548,1
1549,0
1550,1
1551,1
1552,1
1553,2
1554,1
1555,1
1556,1
1557,1
1558,1
1559,1
1560,1
1561,0
1562,1
1563,0
1564,1
1565,1
1566,0
1567,0
1568,1
1569,0
1570,1
1571,3
1572,1
1573,0
1574,4
1575,1
1576,1
1577,0
1578,0
1579,0
1580,0
1581,0
1582,0
1583,0
1584,2
1585,0
1586,0
1587,0
1588,0
1589,2
1590,0
1591,0
1592,0
1593,0
1594,0
1595,0
1596,2
1597,0
1598,0
1599,2
1600,0
1601,0
1602,0
1603,0
1604,0
1605,0
1606,0
1607,2
1608,2
1609,2
1610,3
1611,0
1612,2
1613,0
1614,3
1615,2
1616,2
1617,2
1618,2
1619,2
1620,2
1621,2
1622,2
1623,2
1624,2
1625,2
1626,3
1627,2
1628,2
1629,2
1630,2
1631,2
1632,2
1633,2
1634,2
1635,2
1636,2
1637,3
1638,3
1639,2
1640,2
1641,2
1642,2
1643,2
1644,2
1645,2
1646,2
1647,2
1648,2
1649,3
1650,2
1651,3
1652,2
1653,2
1654,3
1655,3
1656,3
1657,2
1658,3
1659,3
1660,3
1661,3
1662,3
1663,3
1664,2
1665,2
1666,3
1667,4
1668,2
1669,2
1670,3
1671,2
1672,3
1673,2
1674,3
1675,3
1676,3
1677,4
1678,3
1679,3
1680,3
1681,3
1682,3
1683,3
1684,2
1685,3
1686,2
1687,3
1688,3
1689,3
1690,3
1691,3
1692,3
1693,3
1694,2
1695,3
1696,3
1697,3
1698,3
1699,3
1700,3
1701,3
1702,3
1703,3
1704,2
1705,4
1706,3
1707,3
1708,3
1709,3
1710,3
1711,3
1712,3
1713,3
1714,3
1715,2
1716,3
1717,3
1718,0
1719,1
1720,1
1721,0
1722,0
1723,2
1724,1
1725,1
1726,1
1727,1
1728,1
1729,1
1730,4
1731,1
1732,0
1733,0
1734,0
1735,0
1736,1
1737,0
1738,2
1739,0
1740,0
1741,0
1742,1
1743,4
1744,0
1745,0
1746,0
1747,0
1748,0
1749,0
1750,0
1751,0
1752,0
1753,2
1754,0
1755,0
1756,0
1757,2
1758,0
1759,3
1760,0
1761,0
1762,0
1763,2
1764,0
1765,0
1766,0
1767,3
1768,0
1769,0
1770,2
1771,0
1772,0
1773,0
1774,2
1775,0
1776,2
1777,2
1778,2
1779,2
1780,0
1781,0
1782,2
1783,0
1784,0
1785,0
1786,0
1787,0
1788,0
1789,0
1790,0
1791,0
1792,0
1793,3
1794,0
1795,0
1796,2
1797,0
1798,1
1799,0
1800,0
1801,0
1802,0
1803,0
1804,0
1805,0
1806,0
1807,0
1808,0
1809,0
1810,0
1811,0
1812,0
1813,0
1814,0
1815,0
1816,0
1817,1
1818,0
1819,0
1820,0
1821,2
1822,0
1823,0
1824,0
1825,0
1826,0
1827,2
1828,0
1829,0
1830,0
1831,0
1832,0
1833,0
1834,0
1835,0
1836,0
1837,0
1838,3
1839,0
1840,2
1841,4
1842,4
1843,3
1844,2
1845,3
1846,2
1847,2
1848,2
1849,2
1850,2
1851,0
1852,0
1853,0
1854,2
1855,2
1856,0
1857,0
1858,0
1859,0
1860,0
1861,0
1862,0
1863,0
1864,0
1865,0
1866,0
1867,0
1868,2
1869,2
1870,2
1871,0
1872,2
1873,2
1874,2
1875,2
1876,2
1877,1
1878,0
1879,0
1880,0
1881,0
1882,0
1883,2
1884,0
1885,0
1886,4
1887,0
1888,0
1889,0
1890,0
1891,0
1892,0
1893,5
1894,0
1895,2
1896,4
1897,0
1898,2
1899,3
1900,2
1901,2
1902,2
1903,0
1904,0
1905,0
1906,0
1907,2
1908,0
1909,0
1910,0
1911,2
1912,0
1913,0
1914,2
1915,1
1916,0
1917,0
1918,0
1919,0
1920,0
1921,0
1922,2
1923,3
1924,0
1925,2
1926,6
1927,4
1928,2
1929,2
1930,2
1931,3
1932,2
1933,2
1934,2
1935,2
1936,2
1937,2
1938,3
1939,3
1940,2
1941,4
1942,2
1943,2
1944,3
1945,2
1946,2
1947,2
1948,2
1949,3
1950,2
1951,2
1952,2
1953,4
1954,3
1955,2
1956,2
1957,3
1958,2
1959,2
1960,2
1961,2
1962,2
1963,2
1964,2
1965,3
1966,3
1967,4
1968,3
1969,2
1970,3
1971,2
1972,3
1973,3
1974,3
1975,3
1976,3
1977,3
1978,3
1979,3
1980,3
1981,3
1982,3
1983,3
1984,3
1985,2
1986,3
1987,3
1988,3
1989,3
1990,3
1991,3
1992,3
1993,4
1994,2
1995,3
1996,1
1997,2
1998,1
1999,0
2000,0
2001,2
2002,0
2003,2
2004,2
2005,2
2006,2
2007,2
2008,2
2009,2
2010,4
2011,2
2012,2
2013,2
2014,0
2015,2
2016,2
2017,2
2018,2
2019,2
2020,2
2021,4
2022,2
2023,2
2024,2
2025,2
2026,2
2027,2
2028,2
2029,2
2030,4
2031,2
2032,2
2033,2
2034,2
2035,2
2036,2
2037,2
2038,2
2039,3
2040,2
2041,2
2042,2
2043,2
2044,2
2045,2
2046,2
2047,2
2048,2
2049,2
2050,2
2051,2
2052,2
2053,1
2054,0
2055,0
2056,0
2057,0
2058,0
2059,0
2060,0
2061,0
2062,0
2063,0
2064,0
2065,0
2066,0
2067,1
2068,0
2069,0
2070,0
2071,0
2072,0
2073,0
2074,0
2075,0
2076,2
2077,2
2078,4
2079,4
2080,4
2081,4
2082,4
2083,4
2084,4
2085,4
2086,4
2087,4
2088,4
2089,4
2090,4
2091,4
2092,4
2093,4
2094,4
2095,0
2096,1
2097,0
2098,0
2099,0
2100,0
2101,0
2102,0
2103,1
2104,1
2105,1
2106,1
2107,1
2108,1
2109,3
2110,1
2111,1
2112,0
2113,0
2114,0
2115,0
2116,2
2117,0
2118,0
2119,2
2120,0
2121,0
2122,0
2123,0
2124,0
2125,2
2126,0
2127,2
2128,2
2129,2
2130,2
2131,2
2132,2
2133,2
2134,2
2135,2
2136,2
2137,2
2138,2
2139,1
2140,0
2141,1
2142,0
2143,0
2144,0
2145,0
2146,0
2147,0
2148,2
2149,4
2150,0
2151,2
2152,2
2153,2
2154,3
2155,2
2156,3
2157,4
2158,3
2159,3
2160,3
2161,3
2162,3
2163,3
2164,3
2165,3
2166,3
2167,3
2168,3
2169,3
2170,3
2171,3
2172,3
2173,3
2174,3
2175,3
2176,3
2177,3
2178,1
2179,1
2180,1
2181,1
2182,1
2183,1
2184,1
2185,1
2186,2
2187,2
2188,0
2189,1
2190,4
2191,0
2192,0
2193,0
2194,0
2195,1
2196,1
2197,1
2198,1
2199,1
2200,1
2201,1
2202,4
2203,3
2204,3
2205,3
2206,3
2207,3
2208,3
2209,4
2210,3
2211,3
2212,3
2213,1
2214,1
2215,1
2216,0
2217,1
2218,1
2219,1
2220,1
2221,1
2222,1
2223,2
2224,2
2225,1
2226,1
2227,1
2228,1
2229,1
2230,1
2231,1
2232,1
2233,1
2234,1
2235,1
2236,0
2237,0
2238,0
2239,0
2240,2
2241,2
2242,2
2243,2
2244,2
2245,2
2246,0
2247,3
2248,3
2249,3
2250,3
2251,2
2252,4
2253,3
2254,2
2255,3
2256,3
2257,3
2258,3
2259,3
2260,3
2261,3
2262,3
2263,2
2264,3
2265,3
2266,3
2267,3
2268,3
2269,3
2270,3
2271,3
2272,3
2273,3
2274,3
2275,3
2276,3
2277,3
2278,3
2279,3
2280,3
2281,3
2282,3
2283,3
2284,3
2285,3
2286,3
2287,3
2288,3
2289,3
2290,3
2291,3
2292,3
2293,3
2294,3
2295,2
2296,0
2297,0
2298,0
2299,0
2300,0
2301,0
2302,0
2303,0
2304,3
2305,0
2306,0
2307,0
2308,0
2309,3
2310,3
2311,3
2312,4
2313,3
2314,3
2315,4
2316,3
2317,4
2318,4
2319,4
2320,4
2321,4
2322,4
2323,4
2324,4
2325,4
2326,4
2327,4
2328,4
2329,4
2330,4
2331,1
2332,1
2333,0
2334,0
2335,0
2336,0
2337,0
2338,1
2339,1
2340,1
2341,1
2342,1
2343,1
2344,4
2345,4
2346,4
2347,4
2348,4
2349,4
2350,4
2351,4
2352,4
2353,4
2354,4
2355,4
2356,4
2357,4
2358,4
2359,4
2360,4
2361,4
2362,4
2363,4
2364,4
2365,4
2366,4
2367,4
2368,4
2369,4
2370,4
2371,4
2372,4
2373,4
2374,4
2375,4
2376,4
2377,4
2378,4
2379,4
2380,1
2381,1
2382,1
2383,2
2384,1
2385,2
2386,1
2387,1
2388,0
2389,1
2390,1
2391,1
2392,0
2393,0
2394,0
2395,2
2396,0
2397,0
2398,0
2399,4
2400,0
2401,0
2402,0
2403,0
2404,0
2405,0
2406,0
2407,0
2408,0
2409,0
2410,0
2411,0
2412,0
2413,0
2414,2
2415,2
2416,2
2417,2
2418,0
2419,3
2420,2
2421,2
2422,2
2423,0
2424,2
2425,0
2426,2
2427,2
2428,2
2429,2
2430,0
2431,2
2432,2
2433,2
2434,0
2435,1
2436,1
2437,1
2438,1
2439,1
2440,3
2441,1
2442,2
2443,0
2444,2
2445,2
2446,2
2447,3
2448,2
2449,2
2450,4
2451,2
2452,3
2453,3
2454,2
2455,3
2456,3
2457,3
2458,3
2459,3
2460,3
2461,3
2462,3
2463,3
2464,3
2465,3
2466,3
2467,3
2468,3
2469,3
2470,3
2471,3
2472,3
2473,3
2474,3
2475,3
2476,3
2477,3
2478,3
2479,3
2480,4
2481,3
2482,3
2483,4
2484,3
2485,3
2486,3
2487,3
2488,3
2489,3
2490,3
2491,3
2492,3
2493,4
2494,3
2495,3
2496,1
2497,2
2498,1
2499,1
2500,1
2501,1
2502,1
2503,2
2504,0
2505,0
2506,0
2507,0
2508,0
2509,1
2510,0
2511,0
2512,0
2513,0
2514,0
2515,0
2516,2
2517,2
2518,0
2519,0
2520,0
2521,0
2522,0
2523,0
2524,2
2525,0
2526,1
2527,0
2528,0
2529,0
2530,0
2531,0
2532,2
2533,0
2534,3
2535,0
2536,2
2537,2
2538,2
2539,2
2540,2
2541,2
2542,2
2543,2
2544,2
2545,2
2546,2
2547,2
2548,4
2549,3
2550,2
2551,3
2552,3
2553,3
2554,3
2555,3
2556,3
2557,3
2558,4
2559,4
2560,3
2561,3
2562,4
2563,3
2564,3
2565,3
2566,3
2567,3
2568,4
2569,2
2570,3
2571,3
2572,3
2573,3
2574,3
2575,4
2576,3
2577,3
2578,3
2579,3
2580,3
2581,3
2582,4
2583,3
2584,3
2585,3
2586,3
2587,3
2588,3
2589,3
2590,3
2591,3
2592,3
2593,3
2594,3
2595,3
2596,3
2597,3
2598,3
2599,3
2600,3
2601,3
2602,3
2603,3
2604,3
2605,4
2606,4
2607,3
2608,4
2609,3
2610,3
2611,4
2612,3
2613,3
2614,3
2615,3
2616,3
2617,3
2618,3
2619,3
2620,3
2621,4
2622,3
2623,3
2624,3
2625,4
2626,4
2627,3
2628,3
2629,4
2630,3
2631,3
2632,3
2633,3
2634,3
2635,3
2636,3
2637,4
2638,3
2639,3
2640,3
2641,4
2642,4
2643,4
2644,4
2645,4
2646,3
2647,3
2648,4
2649,4
2650,4
2651,4
2652,4
2653,4
2654,4
2655,4
2656,3
2657,4
2658,4
2659,4
2660,3
2661,4
2662,3
2663,4
2664,4
2665,4
2666,4
2667,4
2668,4
2669,4
2670,4
2671,3
2672,4
2673,4
2674,4
2675,4
2676,4
2677,4
2678,4
2679,4
2680,4
2681,4
2682,4
2683,4
2684,4
2685,4
2686,4
2687,4
2688,4
2689,4
2690,4
2691,4
2692,4
2693,3
2694,4
2695,4
2696,4
2697,4
2698,4
2699,4
2700,4
2701,4
2702,4
2703,4
2704,4
2705,4
2706,4
2707,4
2708,4
2709,4
2710,4
2711,4
2712,4
2713,4
2714,4
2715,4
2716,4
2717,4
2718,4
2719,4
2720,4
2721,4
2722,4
2723,4
2724,4
2725,4
2726,4
2727,4
2728,4
2729,4
2730,4
2731,4
2732,4
2733,4
2734,4
2735,4
2736,4
2737,4
2738,4
2739,4
2740,4
2741,4
2742,4
2743,4
2744,4
2745,4
2746,4
2747,4
2748,4
2749,4
2750,4
2751,4
2752,4
2753,4
2754,4
2755,4
2756,4
2757,4
2758,4
2759,4
2760,4
2761,4
2762,4
2763,4
2764,4
2765,4
2766,4
2767,4
2768,4
2769,4
2770,4
2771,4
2772,4
2773,4
2774,4
2775,4
2776,4
2777,4
2778,4
2779,4
2780,4
2781,4
2782,4
2783,3
2784,4
2785,4
2786,4
2787,4
2788,4
2789,4
2790,4
2791,4
2792,4
2793,4
2794,4
2795,4
2796,4
2797,4
2798,4
2799,4
2800,4
2801,4
2802,4
2803,4
2804,4
2805,4
2806,4
2807,4
2808,4
2809,4
2810,4
2811,4
2812,4
2813,4
2814,4
2815,4
2816,4
2817,4
2818,4
2819,4
2820,4
2821,4
2822,4
2823,4
2824,4
2825,4
2826,4
2827,4
2828,4
2829,4
2830,4
2831,4
2832,4
2833,4
2834,4
2835,4
2836,4
2837,4
2838,4
2839,4
2840,3
2841,0
2842,0
2843,0
2844,0
2845,0
2846,0
2847,4
2848,0
2849,3
2850,0
2851,0
2852,0
2853,2
2854,0
2855,2
2856,2
2857,2
2858,1
2859,1
2860,0
2861,1
2862,1
2863,2
2864,1
2865,1
2866,0
2867,2
2868,1
2869,2
2870,1
2871,0
2872,2
2873,2
2874,3
2875,2
2876,1
2877,2
2878,2
2879,0
2880,2
2881,2
2882,4
2883,3
2884,3
2885,3
2886,3
2887,3
2888,3
2889,3
2890,3
2891,4
2892,4
2893,4
2894,4
2895,4
2896,4
2897,4
2898,4
2899,4
2900,1
2901,1
2902,1
2903,1
2904,0
2905,0
2906,3
2907,3
2908,0
2909,2
2910,0
2911,2
2912,3
2913,2
2914,2
2915,2
2916,2
2917,2
2918,2
2919,2
2920,2
2921,2
2922,2
2923,2
2924,4
2925,2
2926,2
2927,3
2928,2
2929,1
2930,1
2931,2
2932,1
2933,1
2934,1
2935,1
2936,1
2937,1
2938,1
2939,1
2940,1
2941,1
2942,0
2943,1
2944,1
2945,0
2946,3
2947,0
2948,3
2949,1
2950,2
2951,0
2952,0
2953,0
2954,0
2955,0
2956,0
2957,0
2958,2
2959,0
2960,2
2961,3
2962,2
2963,2
2964,2
2965,2
2966,2
2967,2
2968,2
2969,2
2970,2
2971,2
2972,2
2973,3
2974,2
2975,2
2976,3
2977,2
2978,3
2979,3
2980,3
2981,3
2982,3
2983,3
2984,3
2985,3
2986,3
2987,3
2988,3
2989,3
2990,3
2991,3
2992,4
2993,3
2994,4
2995,3
2996,3
2997,3
2998,3
2999,3
3000,3
3001,3
3002,3
3003,3
3004,4
3005,3
3006,3
3007,3
3008,3
3009,3
3010,3
3011,3
3012,3
3013,3
3014,2
3015,3
3016,3
3017,3
3018,3
3019,3
3020,3
3021,4
3022,0
3023,2
3024,2
3025,2
3026,3
3027,4
3028,3
3029,3
3030,3
3031,4
3032,3
3033,4
3034,3
3035,3
3036,3
3037,3
3038,3
3039,4
3040,3
3041,3
3042,3
3043,3
3044,3
3045,3
3046,3
3047,3
3048,4
3049,3
3050,3
3051,3
3052,3
3053,4
3054,4
3055,4
3056,4
3057,4
3058,4
3059,4
3060,1
3061,1
3062,0
3063,0
3064,0
3065,0
3066,0
3067,4
3068,0
3069,0
3070,0
3071,0
3072,0
3073,1
3074,0
3075,1
3076,2
3077,3
3078,2
3079,2
3080,2
3081,2
3082,2
3083,2
3084,3
3085,2
3086,2
3087,4
3088,3
3089,3
3090,3
3091,3
3092,3
3093,4
3094,3
3095,3
3096,3
3097,4
3098,4
3099,4
3100,4
3101,4
3102,4
3103,1
3104,2
3105,2
3106,1
3107,1
3108,0
3109,1
3110,1
3111,3
3112,2
3113,2
3114,3
3115,4
3116,3
3117,3
3118,3
3119,3
3120,3
3121,3
3122,3
3123,3
3124,3
3125,3
3126,3
3127,3
3128,3
3129,4
3130,4
3131,4
3132,4
3133,3
3134,3
3135,0
3136,0
3137,2
3138,2
3139,2
3140,2
3141,0
3142,2
3143,2
3144,2
3145,2
3146,2
3147,2
3148,2
3149,1
3150,1
3151,1
3152,2
3153,1
3154,1
3155,1
3156,1
3157,0
3158,0
3159,0
3160,0
3161,7
3162,0
3163,2
3164,2
3165,2
3166,2
3167,3
3168,2
3169,0
3170,0
3171,1
3172,0
3173,0
3174,0
3175,0
3176,0
3177,0
3178,0
3179,0
3180,0
3181,2
3182,0
3183,0
3184,0
3185,0
3186,0
3187,0
3188,0
3189,0
3190,0
3191,0
3192,0
3193,0
3194,0
3195,0
3196,0
3197,0
3198,1
3199,1
3200,1
3201,1
3202,0
3203,2
3204,1
3205,1
3206,0
3207,1
3208,1
3209,1
3210,1
3211,2
3212,2
3213,3
3214,3
3215,3
3216,4
3217,4
3218,4
3219,0
3220,4
3221,3
3222,4
3223,4
3224,4
3225,4
3226,2
3227,4
3228,4
3229,4
3230,4
3231,4
3232,4
3233,4
3234,4
3235,4
3236,2
3237,0
3238,2
3239,3
3240,4
3241,3
3242,3
3243,2
3244,2
3245,4
3246,3
3247,3
3248,3
3249,3
3250,3
3251,3
3252,3
3253,4
3254,3
3255,3
3256,3
3257,3
3258,3
3259,3
3260,4
3261,4
3262,4
3263,4
3264,4
3265,4
3266,4
3267,4
3268,4
3269,4
3270,4
3271,4
3272,4
3273,4
3274,2
3275,2
3276,2
3277,2
3278,2
3279,1
3280,1
3281,1
3282,1
3283,1
3284,0
3285,1
3286,1
3287,1
3288,0
3289,0
3290,0
3291,0
3292,0
3293,1
3294,0
3295,0
3296,0
3297,0
3298,0
3299,0
3300,3
3301,0
3302,0
3303,0
3304,2
3305,0
3306,2
3307,0
3308,0
3309,0
3310,0
3311,0
3312,0
3313,2
3314,2
3315,2
3316,2
3317,0
3318,4
3319,4
3320,4
3321,3
3322,4
3323,4
3324,4
3325,4
3326,4
3327,4
3328,2
3329,2
3330,2
3331,2
3332,2
3333,2
3334,2
3335,2
3336,0
3337,0
3338,0
3339,0
3340,0
3341,0
3342,3
3343,0
3344,3
3345,2
3346,2
3347,2
3348,0
3349,0
3350,0
3351,0
3352,0
3353,0
3354,0
3355,0
3356,0
3357,0
3358,0
3359,0
3360,2
3361,0
3362,0
3363,0
3364,0
3365,0
3366,0
3367,2
3368,0
3369,0
3370,0
3371,0
3372,1
3373,0
3374,0
3375,0
3376,0
3377,0
3378,0
3379,0
3380,0
3381,0
3382,0
3383,0
3384,0
3385,0
3386,0
3387,0
3388,0
3389,0
3390,0
3391,0
3392,0
3393,0
3394,0
3395,2
3396,2
3397,3
3398,1
3399,0
3400,3
3401,3
3402,1
3403,0
3404,1
3405,1
3406,2
3407,2
3408,2
3409,2
3410,4
3411,2
3412,2
3413,2
3414,2
3415,1
3416,1
3417,0
3418,1
3419,0
3420,0
3421,0
3422,0
3423,0
3424,0
3425,0
3426,0
3427,0
3428,0
3429,0
3430,0
3431,0
3432,0
3433,0
3434,0
3435,0
3436,0
3437,0
3438,0
3439,0
3440,0
3441,0
3442,0
3443,0
3444,0
3445,0
3446,0
3447,0
3448,0
3449,0
3450,0
3451,0
3452,0
3453,0
3454,2
3455,0
3456,0
3457,0
3458,0
3459,0
3460,0
3461,0
3462,2
3463,2
3464,0
3465,0
3466,0
3467,0
3468,0
3469,0
3470,0
3471,0
3472,0
3473,0
3474,0
3475,0
3476,0
3477,0
3478,0
3479,0
3480,0
3481,3
3482,2
3483,2
3484,2
3485,8
3486,1
3487,1
3488,0
3489,0
3490,0
3491,0
3492,0
3493,0
3494,2
3495,2
3496,2
3497,1
3498,2
3499,2
3500,2
3501,2
3502,2
3503,2
3504,2
3505,2
3506,2
3507,2
3508,2
3509,2
3510,2
3511,2
3512,0
3513,0
3514,0
3515,0
3516,0
3517,2
3518,3
3519,3
3520,1
3521,1
3522,0
3523,0
3524,0
3525,4
3526,1
3527,1
3528,1
3529,1
3530,1
3531,1
3532,2
3533,0
3534,2
3535,2
3536,2
3537,2
3538,2
3539,2
3540,3
3541,2
3542,4
3543,2
3544,2
3545,4
3546,4
3547,3
3548,3
3549,3
3550,3
3551,3
3552,3
3553,3
3554,3
3555,3
3556,3
3557,3
3558,4
3559,3
3560,3
3561,4
3562,3
3563,3
3564,3
3565,4
3566,4
3567,4
3568,3
3569,4
3570,3
3571,3
3572,3
3573,4
3574,3
3575,4
3576,4
3577,4
3578,4
3579,4
3580,4
3581,4
3582,4
3583,4
3584,4
3585,4
3586,4
3587,4
3588,4
3589,4
3590,4
3591,4
3592,3
3593,4
3594,4
3595,4
3596,4
3597,4
3598,4
3599,4
3600,4
3601,4
3602,4
3603,4
3604,4
3605,4
3606,4
3607,3
3608,4
3609,4
3610,4
3611,4
3612,4
3613,4
3614,4
3615,4
3616,4
3617,4
3618,4
3619,4
3620,4
3621,4
3622,4
3623,4
3624,4
3625,4
3626,4
3627,4
3628,4
3629,4
3630,4
3631,4
3632,4
3633,4
3634,4
3635,4
3636,4
3637,4
3638,4
3639,4
3640,4
3641,4
3642,4
3643,4
3644,4
3645,4
3646,4
3647,4
3648,4
3649,4
3650,4
3651,4
3652,4
3653,4
3654,4
3655,4
3656,4
3657,4
3658,4
3659,4
3660,4
3661,4
3662,4
3663,4
3664,4
3665,4
3666,4
3667,4
3668,4
3669,4
3670,4
3671,4
3672,4
3673,4
3674,4
3675,4
3676,4
3677,4
3678,4
3679,4
3680,4
3681,4
3682,4
3683,4
3684,4
3685,4
3686,4
3687,4
3688,4
3689,4
3690,4
3691,4
3692,4
3693,4
3694,4
3695,4
3696,4
3697,4
3698,4
3699,4
3700,4
3701,4
3702,4
3703,4
3704,4
3705,4
3706,4
3707,4
3708,2
3709,4
3710,4
3711,4
3712,4
3713,4
3714,4
3715,4
3716,4
3717,4
3718,4
3719,4
3720,4
3721,4
3722,4
3723,4
3724,4
3725,4
3726,4
3727,4
3728,4
3729,4
3730,4
3731,4
3732,4
3733,4
3734,4
3735,4
3736,4
3737,4
3738,4
3739,4
3740,4
3741,4
3742,4
3743,4
3744,4
3745,4
3746,4
3747,4
3748,4
3749,4
3750,4
3751,4
3752,4
3753,4
3754,4
3755,4
3756,4
3757,4
3758,4
3759,4
3760,2
3761,1
3762,1
3763,1
3764,1
3765,0
3766,0
3767,0
3768,0
3769,0
3770,0
3771,0
3772,0
3773,0
3774,0
3775,3
3776,3
3777,3
3778,0
3779,0
3780,0
3781,0
3782,1
3783,1
3784,1
3785,1
3786,1
3787,1
3788,2
3789,0
3790,0
3791,0
3792,0
3793,2
3794,0
3795,0
3796,0
3797,0
3798,0
3799,4
3800,3
3801,2
3802,2
3803,2
3804,2
3805,0
3806,0
3807,0
3808,0
3809,0
3810,3
3811,4
3812,0
3813,0
3814,0
3815,0
3816,0
3817,0
3818,0
3819,0
3820,0
3821,2
3822,2
3823,3
3824,2
3825,4
3826,4
3827,4
3828,4
3829,4
3830,4
3831,4
3832,4
3833,4
3834,4
3835,4
3836,4
3837,4
3838,4
3839,4
3840,0
3841,0
3842,2
3843,0
3844,0
3845,2
3846,0
3847,2
3848,2
3849,2
3850,2
3851,2
3852,1
3853,0
3854,2
3855,2
3856,3
3857,4
3858,3
3859,2
3860,0
3861,0
3862,0
3863,2
3864,0
3865,0
3866,0
3867,0
3868,0
3869,0
3870,2
3871,3
3872,0
3873,2
3874,2
3875,2
3876,2
3877,2
3878,2
3879,2
3880,1
3881,0
3882,1
3883,2
3884,0
3885,2
3886,2
3887,0
3888,0
3889,0
3890,0
3891,0
3892,0
3893,0
3894,2
3895,0
3896,0
3897,2
3898,3
3899,3
3900,3
3901,3
3902,0
3903,0
3904,0
3905,2
3906,2
3907,1
3908,0
3909,0
3910,3
3911,0
3912,0
3913,0
3914,4
3915,2
3916,3
3917,3
3918,2
3919,2
3920,2
3921,2
3922,3
3923,2
3924,2
3925,3
3926,3
3927,4
3928,3
3929,3
3930,3
3931,3
3932,3
3933,3
3934,3
3935,3
3936,2
3937,2
3938,2
3939,2
3940,2
3941,3
3942,2
3943,3
3944,3
3945,2
3946,3
3947,2
3948,3
3949,3
3950,3
3951,4
3952,4
3953,3
3954,4
3955,4
3956,1
3957,0
3958,2
3959,2
3960,2
3961,2
3962,3
3963,3
3964,3
3965,3
3966,3
3967,4
3968,3
3969,3
3970,2
3971,2
3972,2
3973,2
3974,3
3975,1
3976,0
3977,0
3978,0
3979,0
3980,0
3981,4
3982,0
3983,0
3984,2
3985,2
3986,2
3987,2
3988,2
3989,2
3990,2
3991,2
3992,2
3993,2
3994,2
3995,2
3996,2
3997,2
3998,2
3999,2
4000,2
4001,2
4002,2
4003,2
4004,2
4005,2
4006,2
4007,2
4008,2
4009,2
4010,2
4011,2
4012,2
4013,2
4014,0
4015,2
4016,2
4017,2
4018,2
4019,2
4020,2
4021,2
4022,2
4023,2
4024,2
4025,2
4026,2
4027,2
4028,2
4029,2
4030,2
4031,2
4032,2
4033,2
4034,2
4035,2
4036,2
4037,2
4038,2
4039,2
4040,2
4041,2
4042,2
4043,2
4044,2
4045,2
4046,2
4047,2
4048,2
4049,3
4050,2
4051,2
4052,2
4053,2
4054,2
4055,2
4056,2
4057,2
4058,0
4059,0
4060,2
4061,0
4062,0
4063,0
4064,2
4065,0
4066,2
4067,2
4068,2
4069,4
4070,2
4071,0
4072,9
4073,0
4074,1
4075,2
4076,2
4077,2
4078,2
4079,2
4080,0
4081,0
4082,0
4083,0
4084,0
4085,0
4086,2
4087,2
4088,3
4089,3
4090,3
4091,3
4092,3
4093,3
4094,3
4095,3
4096,3
4097,3
4098,3
4099,3
4100,3
4101,0
4102,2
4103,2
4104,2
4105,2
4106,2
4107,2
4108,0
4109,0
4110,0
4111,0
4112,4
4113,4
4114,4
4115,4
4116,4
4117,0
4118,1
4119,0
4120,3
4121,2
4122,3
4123,3
4124,3
4125,3
4126,1
4127,1
4128,1
4129,1
4130,4
4131,4
4132,4
4133,4
4134,4
4135,4
4136,4
4137,2
4138,2
4139,2
4140,1
4141,4
4142,0
4143,0
4144,1
4145,1
4146,0
4147,0
4148,2
4149,2
4150,2
4151,0
4152,3
4153,2
4154,2
4155,1
4156,0
4157,0
4158,4
4159,0
4160,0
4161,0
4162,0
4163,2
4164,2
4165,3
4166,3
4167,3
4168,3
4169,3
4170,0
4171,2
4172,4
4173,2
4174,4
4175,2
4176,3
4177,3
4178,3
4179,3
4180,3
4181,3
4182,1
4183,0
4184,1
4185,0
4186,0
4187,3
4188,3
4189,0
4190,0
4191,0
4192,0
4193,4
4194,0
4195,0
4196,0
4197,0
4198,0
4199,0
4200,0
4201,0
4202,1
4203,3
4204,4
4205,4
4206,4
4207,4
4208,4
4209,2
4210,3
4211,4
4212,2
4213,2
4214,2
4215,1
4216,2
4217,0
4218,2
4219,2
4220,3
4221,2
4222,4
4223,4
4224,4
4225,4
4226,4
4227,4
4228,2
4229,1
4230,0
4231,0
4232,2
4233,0
4234,0
4235,4
4236,2
4237,2
4238,2
4239,3
4240,2
4241,3
4242,3
4243,3
4244,3
4245,3
4246,1
4247,1
4248,8
4249,0
4250,0
4251,0
4252,0
4253,0
4254,2
4255,2
4256,2
4257,2
4258,2
4259,2
4260,2
4261,0
4262,0
4263,4
4264,2
4265,2
4266,2
4267,0
4268,2
4269,0
4270,2
4271,2
4272,0
4273,0
4274,0
4275,2
4276,2
4277,0
4278,0
4279,2
4280,2
4281,2
4282,2
4283,2
4284,2
4285,2
4286,2
4287,2
4288,4
4289,2
4290,2
4291,2
4292,2
4293,2
4294,2
4295,2
4296,4
4297,4
4298,3
4299,2
4300,3
4301,3
4302,3
4303,3
4304,3
4305,3
4306,3
4307,3
4308,3
4309,3
4310,4
4311,4
4312,4
4313,4
4314,4
4315,4
4316,2
4317,4
4318,4
4319,4
4320,4
4321,4
4322,4
4323,0
4324,0
4325,2
4326,0
4327,0
4328,4
4329,2
4330,2
4331,2
4332,2
4333,2
4334,2
4335,2
4336,2
4337,2
4338,2
4339,2
4340,2
4341,2
4342,2
4343,2
4344,2
4345,2
4346,2
4347,2
4348,2
4349,2
4350,2
4351,2
4352,2
4353,2
4354,2
4355,2
4356,2
4357,3
4358,2
4359,3
4360,2
4361,2
4362,2
4363,2
4364,2
4365,2
4366,2
4367,2
4368,2
4369,2
4370,2
4371,2
4372,2
4373,0
4374,0
4375,0
4376,0
4377,0
4378,0
4379,2
4380,0
4381,0
4382,0
4383,0
4384,0
4385,0
4386,0
4387,4
4388,2
4389,2
4390,2
4391,2
4392,2
4393,2
4394,2
4395,2
4396,2
4397,2
4398,0
4399,3
4400,3
4401,3
4402,3
4403,4
4404,4
4405,4
4406,4
4407,4
4408,4
4409,4
4410,4
4411,4
4412,4
4413,4
4414,4
4415,3
4416,4
4417,4
4418,4
4419,4
4420,0
4421,0
4422,0
4423,0
4424,4
4425,4
4426,4
4427,4
4428,4
4429,4
4430,4
4431,4
4432,4
4433,4
4434,4
4435,3
4436,4
4437,4
4438,4
4439,4
4440,4
4441,4
4442,4
4443,4
4444,4
4445,4
4446,4
4447,4
4448,4
4449,4
4450,2
4451,0
4452,2
4453,0
4454,0
4455,0
4456,3
4457,4
4458,4
4459,4
4460,4
4461,4
4462,4
4463,4
4464,4
4465,4
4466,4
4467,4
4468,4
4469,4
4470,3
4471,4
4472,4
4473,4
4474,4
4475,4
4476,4
4477,4
4478,4
4479,4
4480,4
4481,4
4482,4
4483,4
4484,4
4485,4
4486,4
4487,4
4488,4
4489,4
4490,4
4491,4
4492,4
4493,4
4494,4
4495,4
4496,4
4497,4
4498,4
4499,4
4500,4
4501,4
4502,4
4503,4
4504,4
4505,4
4506,4
4507,4
4508,4
4509,4
4510,4
4511,4
4512,4
4513,1
4514,3
4515,3
4516,3
4517,0
4518,0
4519,1
4520,1
4521,2
4522,3
4523,3
4524,4
4525,4
4526,4
4527,4
4528,4
4529,4
4530,4
4531,4
4532,4
4533,4
4534,4
4535,4
4536,4
4537,4
4538,4
4539,4
4540,4
4541,4
4542,4
4543,4
4544,4
4545,4
4546,1
4547,4
4548,1
4549,1
4550,0
4551,0
4552,1
4553,1
4554,1
4555,2
4556,1
4557,0
4558,0
4559,0
4560,0
4561,2
4562,3
4563,3
4564,6
4565,2
4566,2
4567,3
4568,3
4569,3
4570,3
4571,3
4572,3
4573,3
4574,3
4575,3
4576,4
4577,4
4578,3
4579,4
4580,3
4581,4
4582,0
4583,0
4584,2
4585,0
4586,0
4587,2
4588,2
4589,0
4590,0
4591,0
4592,0
4593,0
4594,0
4595,0
4596,2
4597,0
4598,2
4599,2
4600,2
4601,2
4602,2
4603,2
4604,3
4605,3
4606,3
4607,3
4608,0
4609,0
4610,2
4611,4
4612,2
4613,0
4614,0
4615,2
4616,2
4617,2
4618,2
4619,0
4620,0
4621,0
4622,0
4623,0
4624,2
4625,2
4626,2
4627,3
4628,0
4629,2
4630,2
4631,2
4632,2
4633,2
4634,2
4635,2
4636,2
4637,3
4638,1
4639,1
4640,4
4641,4
4642,4
4643,4
4644,4
4645,4
4646,4
4647,4
4648,4
4649,4
4650,4
4651,4
4652,2
4653,2
4654,2
4655,4
4656,4
4657,2
4658,2
4659,2
4660,0
4661,0
4662,2
4663,1
4664,4
4665,4
4666,3
4667,3
4668,3
4669,3
4670,3
4671,0
4672,0
4673,2
4674,2
4675,3
4676,3
4677,2
4678,2
4679,2
4680,2
4681,2
4682,2
4683,2
4684,3
4685,2
4686,2
4687,2
4688,2
4689,2
4690,2
4691,2
4692,2
4693,2
4694,2
4695,2
4696,2
4697,2
4698,2
4699,3
4700,3
4701,3
4702,3
4703,3
4704,3
4705,2
4706,2
4707,2
4708,2
4709,2
4710,2
4711,2
4712,2
4713,3
4714,2
4715,2
4716,2
4717,0
4718,2
4719,2
4720,2
4721,2
4722,0
4723,2
4724,2
4725,2
4726,2
4727,3
4728,2
4729,2
4730,3
4731,3
4732,2
4733,2
4734,3
4735,2
4736,3
4737,3
4738,2
4739,2
4740,3
4741,2
4742,3
4743,2
4744,2
4745,2
4746,3
4747,3
4748,3
4749,4
4750,4
4751,3
4752,2
4753,2
4754,3
4755,3
4756,2
4757,3
4758,2
4759,2
4760,3
4761,3
4762,3
4763,3
4764,3
4765,3
4766,3
4767,3
4768,3
4769,3
4770,4
4771,3
4772,3
4773,3
4774,3
4775,3
4776,3
4777,3
4778,3
4779,3
4780,3
4781,4
4782,3
4783,3
4784,3
4785,3
4786,3
4787,4
4788,3
4789,3
4790,3
4791,4
4792,3
4793,4
4794,3
4795,4
4796,4
4797,2
4798,2
4799,2
4800,3
4801,3
4802,3
4803,2
4804,4
4805,3
4806,3
4807,3
4808,3
4809,3
4810,3
4811,2
4812,3
4813,3
4814,3
4815,3
4816,3
4817,3
4818,3
4819,4
4820,3
4821,3
4822,3
4823,3
4824,3
4825,4
4826,2
4827,0
4828,0
4829,0
4830,0
4831,2
4832,0
4833,2
4834,0
4835,3
4836,0
4837,0
4838,0
4839,0
4840,3
4841,2
4842,3
4843,3
4844,3
4845,3
4846,3
4847,3
4848,3
4849,3
4850,3
4851,3
4852,3
4853,3
4854,3
4855,3
4856,3
4857,3
4858,4
4859,3
4860,3
4861,3
4862,3
4863,3
4864,3
4865,3
4866,3
4867,3
4868,3
4869,4
4870,4
4871,4
4872,4
4873,2
4874,0
4875,0
4876,0
4877,2
4878,2
4879,2
4880,3
4881,0
4882,3
4883,3
4884,3
4885,0
4886,0
4887,0
4888,2
4889,2
4890,3
4891,2
4892,4
4893,0
4894,2
4895,2
4896,3
4897,3
4898,3
4899,3
4900,3
4901,4
4902,4
4903,4
4904,4
4905,4
4906,4
4907,4
4908,4
4909,4
4910,4
4911,4
4912,4
4913,4
4914,4
4915,4
4916,4
4917,0
4918,0
4919,4
4920,2
4921,3
4922,2
4923,3
4924,2
4925,2
4926,3
4927,2
4928,3
4929,4
4930,3
4931,3
4932,2
4933,2
4934,0
4935,2
4936,2
4937,4
4938,2
4939,2
4940,2
4941,2
4942,3
4943,2
4944,2
4945,2
4946,2
4947,2
4948,2
4949,2
4950,3
4951,3
4952,3
4953,3
4954,3
4955,2
4956,2
4957,2
4958,2
4959,2
4960,2
4961,4
4962,4
4963,4
4964,4
4965,4
4966,4
4967,4
4968,4
4969,4
4970,4
4971,4
4972,4
4973,4
4974,4
4975,4
4976,4
4977,4
4978,2
4979,2
4980,2
4981,3
4982,2
4983,3
4984,2
4985,2
4986,2
4987,2
4988,4
4989,2
4990,2
4991,2
4992,4
4993,2
4994,2
4995,2
4996,3
4997,2
4998,2
4999,3
5000,3
5001,3
5002,3
5003,3
5004,4
5005,4
5006,0
5007,1
5008,1
5009,0
5010,4
5011,2
5012,2
5013,1
5014,0
5015,3
5016,3
5017,4
5018,4
5019,0
5020,2
5021,2
5022,3
5023,3
5024,0
5025,0
5026,4
5027,2
5028,3
5029,2
5030,2
5031,3
5032,2
5033,3
5034,4
5035,3
5036,3
5037,3
5038,2
5039,2
5040,2
5041,2
5042,2
5043,4
5044,2
5045,2
5046,3
5047,3
5048,4
5049,2
5050,2
5051,2
5052,2
5053,2
5054,2
5055,2
5056,2
5057,2
5058,2
5059,2
5060,2
5061,3
5062,3
5063,3
5064,2
5065,3
5066,3
5067,4
5068,4
5069,3
5070,2
5071,2
5072,3
5073,2
5074,3
5075,3
5076,4
5077,4
5078,2
5079,3
5080,3
5081,3
5082,3
5083,4
5084,3
5085,4
5086,4
5087,4
5088,3
5089,4
5090,4
5091,4
5092,4
5093,4
5094,4
5095,4
5096,4
5097,4
5098,4
5099,4
5100,4
5101,4
5102,4
5103,4
5104,3
5105,3
5106,3
5107,3
5108,2
5109,2
5110,2
5111,3
5112,3
5113,4
5114,4
5115,3
5116,4
5117,4
5118,4
5119,3
5120,3
5121,3
5122,3
5123,3
5124,3
5125,3
5126,2
5127,3
5128,3
5129,3
5130,4
5131,3
5132,3
5133,3
5134,3
5135,3
5136,4
5137,4
5138,4
5139,3
5140,4
5141,4
5142,4
5143,4
5144,4
5145,4
5146,4
5147,4
5148,4
5149,4
5150,3
5151,4
5152,4
5153,4
5154,4
5155,4
5156,3
5157,3
5158,3
5159,2
5160,2
5161,3
5162,3
5163,3
5164,4
5165,3
5166,3
5167,3
5168,3
5169,4
5170,4
5171,4
5172,1
5173,4
5174,4
5175,4
5176,4
5177,4
5178,4
5179,4
5180,2
5181,3
5182,0
5183,2
5184,2
5185,0
5186,0
5187,3
5188,3
5189,3
5190,3
5191,0
5192,0
5193,1
5194,3
5195,4
5196,4
5197,3
5198,2
5199,2
5200,0
5201,0
5202,2
5203,2
5204,4
5205,4
5206,5
5207,5
5208,2
5209,4
5210,4
5211,4
5212,4
5213,4
5214,4
5215,4
5216,4
5217,4
5218,4
5219,4
5220,4
5221,4
5222,4
5223,4
5224,4
5225,4
5226,4
5227,4
5228,4
5229,4
5230,4
5231,4
5232,4
5233,4
5234,4
5235,4
5236,0
5237,2
5238,0
5239,0
5240,1
5241,2
5242,2
5243,6
5244,6
5245,4
5246,2
5247,2
5248,2
5249,2
5250,2
5251,2
5252,2
5253,4
5254,4
5255,4
5256,4
5257,4
5258,3
5259,4
5260,2
5261,2
5262,3
5263,3
5264,3
5265,4
5266,4
5267,4
5268,3
5269,3
5270,2
5271,3
5272,3
5273,3
5274,3
5275,3
5276,3
5277,3
5278,3
5279,3
5280,4
5281,3
5282,4
5283,4
5284,3
5285,3
5286,4
5287,3
5288,3
5289,4
5290,0
5291,4
5292,2
5293,4
5294,2
5295,0
5296,4
5297,4
5298,4
5299,4
5300,4
5301,4
5302,4
5303,4
5304,4
5305,4
5306,4
5307,4
5308,4
5309,4
5310,2
5311,3
5312,2
5313,2
5314,2
5315,2
5316,2
5317,2
5318,4
5319,0
5320,4
5321,4
5322,4
5323,4
5324,4
5325,4
5326,4
5327,4
5328,4
5329,4
5330,4
5331,4
5332,4
5333,4
5334,4
5335,4
5336,4
5337,4
5338,4
5339,4
5340,4
5341,4
5342,4
5343,4
5344,4
5345,4
5346,4
5347,4
5348,4
5349,4
5350,4
5351,4
5352,4
5353,4
5354,4
5355,0
5356,4
5357,0
5358,2
5359,0
5360,2
5361,2
5362,2
5363,2
5364,4
5365,4
5366,4
5367,3
5368,4
5369,4
5370,4
5371,4
5372,4
5373,4
5374,4
5375,4
5376,2
5377,2
5378,3
5379,3
5380,2
5381,2
5382,4
5383,2
5384,3
5385,4
5386,3
5387,3
5388,3
5389,3
5390,7
5391,3
5392,3
5393,3
5394,3
5395,3
5396,4
5397,4
5398,0
5399,4
5400,4
5401,4
5402,3
5403,2
5404,3
5405,3
5406,3
5407,4
5408,4
5409,4
5410,4
5411,3
5412,3
5413,3
5414,2
5415,2
5416,2
5417,2
5418,2
5419,4
5420,3
5421,3
5422,2
5423,3
5424,3
5425,2
5426,7
5427,4
5428,3
5429,3
5430,3
5431,3
5432,3
5433,3
5434,3
5435,3
5436,3
5437,3
5438,3
5439,3
5440,3
5441,3
5442,3
5443,0
5444,0
5445,0
5446,0
5447,3
5448,4
5449,4
5450,4
5451,3
5452,4
5453,3
5454,4
5455,4
5456,3
5457,4
5458,4
5459,4
5460,4
5461,4
5462,4
5463,4
5464,4
5465,4
5466,4
5467,4
5468,4
5469,4
5470,4
5471,4
5472,4
5473,4
5474,4
5475,4
5476,4
5477,4
5478,4
5479,4
5480,4
5481,4
5482,4
5483,4
5484,4
5485,4
5486,4
5487,4
5488,4
5489,4
5490,4
5491,4
5492,4
5493,4
5494,4
5495,4
5496,4
5497,4
5498,4
5499,4
5500,0
5501,0
5502,0
5503,4
5504,4
5505,10
5506,4
5507,4
5508,4
5509,4
5510,4
5511,4
5512,4
5513,4
5514,4
5515,4
5516,4
5517,4
5518,4
5519,4
5520,4
5521,4
5522,4
5523,4
5524,4
5525,4
5526,4
5527,4
5528,4
5529,4
5530,4
5531,4
5532,4
5533,4
5534,4
5535,4
5536,4
5537,4
5538,4
5539,4
5540,4
5541,4
5542,4
5543,4
5544,4
5545,4
5546,4
5547,4
5548,4
5549,4
5550,4
5551,4
5552,4
5553,4
5554,4
5555,4
5556,4
5557,4
5558,4
5559,4
5560,4
5561,4
5562,4
5563,4
5564,4
5565,4
5566,4
5567,4
5568,4
5569,4
5570,4
5571,4
5572,4
5573,4
5574,4
5575,4
5576,4
5577,4
5578,4
5579,4
5580,4
5581,4
5582,4
5583,4
5584,4
5585,4
5586,4
5587,4
5588,4
5589,4
5590,4
5591,4
5592,4
5593,4
5594,4
5595,4
5596,4
5597,4
5598,4
5599,4
5600,4
5601,4
5602,4
5603,4
5604,4
5605,4
5606,4
5607,4
5608,4
5609,4
5610,0
5611,4
5612,2
5613,2
5614,4
5615,4
5616,4
5617,4
5618,4
5619,4
5620,0
5621,0
5622,0
5623,2
5624,2
5625,4
5626,4
5627,4
5628,4
5629,10
5630,4
5631,4
5632,4
5633,4
5634,4
5635,4
5636,4
5637,4
5638,4
5639,3
5640,4
5641,4
5642,4
5643,4
5644,4
5645,4
5646,4
5647,4
5648,4
5649,4
5650,4
5651,3
5652,3
5653,3
5654,3
5655,3
5656,3
5657,3
5658,3
5659,3
5660,3
5661,3
5662,3
5663,3
5664,3
5665,3
5666,4
5667,4
5668,4
5669,4
5670,4
5671,4
5672,2
5673,2
5674,4
5675,4
5676,4
5677,4
5678,4
5679,4
5680,4
5681,4
5682,4
5683,3
5684,3
5685,7
5686,0
5687,2
5688,3
5689,3
5690,2
5691,4
5692,4
5693,4
5694,2
5695,3
5696,3
5697,3
5698,3
5699,3
5700,3
5701,3
5702,3
5703,4
5704,3
5705,3
5706,3
5707,3
5708,4
5709,4
5710,4
5711,4
5712,4
5713,2
5714,3
5715,3
5716,3
5717,4
5718,3
5719,3
5720,4
5721,4
5722,4
5723,4
5724,4
5725,4
5726,4
5727,4
5728,4
5729,3
5730,3
5731,3
5732,4
5733,4
5734,4
5735,3
5736,4
5737,3
5738,3
5739,4
5740,4
5741,4
5742,4
5743,4
5744,4
5745,4
5746,3
5747,3
5748,4
5749,4
5750,4
5751,4
5752,4
5753,4
5754,3
5755,4
5756,4
5757,4
5758,4
5759,4
5760,4
5761,4
5762,4
5763,4
5764,4
5765,4
5766,4
5767,4
5768,4
5769,4
5770,4
5771,4
5772,4
5773,4
5774,4
5775,4
5776,4
5777,4
5778,4
5779,4
5780,4
5781,4
5782,4
5783,4
5784,2
5785,4
5786,4
5787,4
5788,4
5789,4
5790,4
5791,4
5792,4
5793,4
5794,4
5795,3
5796,4
5797,4
5798,4
5799,3
5800,4
5801,4
5802,4
5803,3
5804,4
5805,4
5806,4
5807,4
5808,4
5809,4
5810,4
5811,4
5812,4
5813,4
5814,4
5815,4
5816,4
5817,4
5818,4
5819,4
5820,4
5821,4
5822,4
5823,4
5824,4
5825,4
5826,4
5827,4
5828,4
5829,4
5830,4
5831,4
5832,4
5833,4
5834,4
5835,4
5836,4
5837,4
5838,4
5839,4
5840,4
5841,4
5842,4
5843,4
5844,4
5845,4
5846,4
5847,4
5848,4
5849,4
5850,4
5851,4
5852,4
5853,4
5854,4
5855,4
5856,4
5857,10
5858,4
5859,4
5860,4
5861,4
5862,4
5863,4
5864,4
5865,4
5866,4
5867,4
5868,4
5869,4
5870,4
5871,4
5872,4
5873,4
5874,4
5875,4
5876,4
5877,2
5878,4
5879,4
5880,4
5881,4
5882,3
5883,4
5884,4
5885,4
5886,4
5887,4
5888,4
5889,4
5890,4
5891,4
5892,4
5893,4
5894,4
5895,4
5896,4
5897,4
5898,4
5899,4
5900,4
5901,4
5902,4
5903,4
5904,4
5905,4
5906,4
5907,4
5908,4
5909,4
5910,4
5911,4
5912,4
5913,4
5914,4
5915,4
5916,3
5917,4
5918,4
5919,4
5920,4
5921,4
5922,4
5923,4
5924,4
5925,4
5926,4
5927,4
5928,4
5929,4
5930,4
5931,4
5932,4
5933,4
5934,4
5935,4
5936,4
5937,4
5938,4
5939,4
5940,4
5941,4
5942,4
5943,4
5944,4
5945,4
5946,4
5947,4
5948,4
5949,4
5950,4
5951,4
5952,4
5953,4
5954,4
5955,4
5956,4
5957,4
5958,4
5959,4
5960,4
5961,4
5962,4
5963,4
5964,4
5965,4
5966,4
5967,4
5968,4
5969,4
5970,4
5971,4
5972,4
5973,4
5974,4
5975,4
5976,4
5977,4
5978,4
5979,4
5980,4
5981,4
5982,4
5983,4
5984,4
5985,4
5986,4
5987,4
5988,4
5989,4
5990,3
5991,0
5992,2
5993,2
5994,3
5995,0
5996,2
5997,4
5998,4
5999,3
6000,3
6001,4
6002,4
6003,4
6004,0
6005,4
6006,4
6007,4
6008,3
6009,2
6010,2
6011,2
6012,3
6013,4
6014,4
6015,4
6016,4
6017,4
6018,4
6019,4
6020,4
6021,4
6022,4
6023,4
6024,4
6025,4
6026,4
6027,4
6028,3
6029,3
6030,0
6031,2
6032,2
6033,3
6034,2
6035,4
6036,4
6037,4
6038,3
6039,3
6040,4
6041,3
6042,3
6043,4
6044,4
6045,4
6046,3
6047,0
6048,4
6049,2
6050,3
6051,4
6052,4
6053,4
6054,4
6055,3
6056,3
6057,3
6058,0
6059,2
6060,1
6061,7
6062,7
6063,0
6064,0
6065,0
6066,2
6067,1
6068,1
6069,4
6070,4
6071,4
6072,4
6073,4
6074,4
6075,4
6076,4
6077,4
6078,4
6079,2
6080,2
6081,2
6082,3
6083,3
6084,4
6085,4
6086,4
6087,2
6088,2
6089,4
6090,0
6091,2
6092,0
6093,0
6094,0
6095,2
6096,2
6097,3
6098,3
6099,4
6100,2
6101,4
6102,11
6103,0
6104,0
6105,0
6106,2
6107,2
6108,0
6109,4
6110,4
6111,4
6112,4
6113,4
6114,4
6115,4
6116,4
6117,4
6118,4
6119,4
6120,4
6121,4
6122,4
6123,3
6124,4
6125,4
6126,2
6127,4
6128,4
6129,4
6130,4
6131,0
6132,2
6133,4
6134,4
6135,12
6136,4
6137,4
6138,4
6139,4
6140,4
6141,4
6142,4
6143,4
6144,4
6145,4
6146,4
6147,4
6148,4
6149,4
6150,4
6151,4
6152,4
6153,4
6154,4
6155,4
6156,4
6157,13
6158,4
6159,4
6160,4
6161,4
6162,4
6163,2
6164,2
6165,2
6166,4
6167,4
6168,4
6169,4
6170,4
6171,4
6172,4
6173,4
6174,4
6175,4
6176,4
6177,3
6178,4
6179,4
6180,4
6181,4
6182,4
6183,4
6184,4
6185,4
6186,4
6187,4
6188,2
6189,0
6190,0
6191,4
6192,4
6193,4
6194,4
6195,4
6196,4
6197,4
6198,4
6199,4
6200,0
6201,2
6202,2
6203,2
6204,0
6205,0
6206,2
6207,2
6208,0
6209,0
6210,0
6211,3
6212,2
6213,2
6214,3
6215,2
6216,2
6217,2
6218,2
6219,2
6220,2
6221,2
6222,2
6223,4
6224,2
6225,2
6226,2
6227,9
6228,9
6229,9
6230,2
6231,3
6232,2
6233,4
6234,4
6235,4
6236,4
6237,0
6238,4
6239,4
6240,4
6241,4
6242,4
6243,4
6244,2
6245,2
6246,2
6247,0
6248,3
6249,4
6250,4
6251,4
6252,4
6253,0
6254,4
6255,4
6256,4
6257,3
6258,1
6259,8
6260,8
6261,2
6262,2
6263,4
6264,2
6265,4
6266,3
6267,7
6268,2
6269,4
6270,4
6271,0
6272,4
6273,4
6274,4
6275,4
6276,4
6277,4
6278,4
6279,4
6280,4
6281,4
6282,4
6283,4
6284,4
6285,4
6286,4
6287,4
6288,4
6289,4
6290,4
6291,4
6292,4
6293,4
6294,4
6295,4
6296,4
6297,4
6298,4
6299,4
6300,4
6301,3
6302,0
6303,4
6304,4
6305,4
6306,4
6307,4
6308,4
6309,3
6310,4
6311,4
6312,4
6313,4
6314,4
6315,4
6316,1
6317,1
6318,2
6319,3
6320,4
6321,0
6322,0
6323,2
6324,3
6325,2
6326,2
6327,4
6328,4
6329,4
6330,3
6331,2
6332,2
6333,2
6334,3
6335,2
6336,3
6337,3
6338,3
6339,4
6340,2
6341,3
6342,3
6343,3
6344,4
6345,4
6346,4
6347,4
6348,4
6349,4
6350,2
6351,2
6352,2
6353,4
6354,3
6355,3
6356,4
6357,4
6358,4
6359,4
6360,4
6361,4
6362,3
6363,2
6364,3
6365,4
6366,4
6367,3
6368,4
6369,3
6370,4
6371,4
6372,4
6373,4
6374,3
6375,4
6376,4
6377,4
6378,4
6379,4
6380,4
6381,4
6382,4
6383,4
6384,4
6385,2
6386,2
6387,4
6388,3
6389,3
6390,4
6391,4
6392,2
6393,4
6394,4
6395,4
6396,4
6397,2
6398,4
6399,4
6400,4
6401,4
6402,4
6403,4
6404,4
6405,3
6406,4
6407,3
6408,4
6409,4
6410,4
6411,4
6412,4
6413,4
6414,4
6415,10
6416,10
6417,4
6418,4
6419,4
6420,4
6421,4
6422,4
6423,4
6424,4
6425,4
6426,4
6427,4
6428,4
6429,4
6430,4
6431,4
6432,4
6433,4
6434,4
6435,4
6436,4
6437,4
6438,4
6439,4
6440,4
6441,13
6442,13
6443,13
6444,4
6445,4
6446,4
6447,4
6448,4
6449,4
6450,4
6451,4
6452,4
6453,4
6454,4
6455,4
6456,4
6457,4
6458,4
6459,4
6460,4
6461,4
6462,4
6463,4
6464,4
6465,4
6466,4
6467,4
6468,4
6469,4
6470,4
6471,4
6472,4
6473,4
6474,4
6475,4
6476,4
6477,4
6478,4
6479,4
6480,4
6481,4
6482,4
6483,4
6484,4
6485,4
6486,4
6487,4
6488,4
6489,4
6490,4
6491,2
6492,4
6493,4
6494,4
6495,2
6496,4
6497,4
6498,2
6499,2
6500,2
6501,11
6502,11
6503,4
6504,4
6505,12
6506,4
6507,13
6508,4
6509,4
6510,4
6511,4
6512,4
6513,2
6514,2
6515,2
6516,4
6517,4
6518,4
6519,4
6520,4
6521,4
6522,3
6523,4
6524,4
6525,4
6526,4
6527,4
6528,4
6529,4
6530,4
6531,4
6532,4
6533,4
6534,4
